Btc_chnge,Bse_500_change,ETH_chng,EURO50_change,HLL_change,Ind_10Y,Ind_vix_chg,Us_index_Chg,Nikkei_chg,S&P_chg,SCH_chg,WTI_chg,XAU/USD_Change
0.99,0.0,0.37,0.0,0.0,0.0,0.0,0.0,0.0,0.0,0.0,0.0,0.0
0.59,-0.33,-0.13,-0.08,-0.78,0.32,-2.09,0.0,0.0,0.0,0.0,1.99,-0.83
-1.53,0.36,-3.84,-0.14,0.2,0.32,-8.87,0.0,0.0,-0.01,-0.47,-0.38,0.83
-2.03,-0.2,-1.82,-0.68,-0.76,-0.65,-2.79,0.0,-0.92,0.4,0.7,-2.39,-0.33
-1.06,-0.37,0.76,0.37,-0.58,0.0,2.86,0.0,-1.22,-0.56,-0.02,1.56,-1.26
-0.47,0.54,3.78,1.3,1.48,-0.16,4.3,0.0,1.88,2.05,-0.18,-0.42,-0.43
0.4,0.0,0.5,0.0,0.0,0.0,0.0,0.0,0.0,0.0,0.0,0.0,0.0
1.17,0.0,0.86,0.0,0.0,0.0,0.0,0.0,0.0,0.0,0.0,-0.78,0.0
0.42,0.76,0.11,-1.81,1.22,0.0,0.12,0.0,0.0,-0.67,-0.05,0.28,1.89
-3.93,-0.56,-5.15,-0.55,-1.4,0.32,-1.65,0.0,0.0,-0.04,-0.94,1.58,-0.6
1.88,0.64,4.4,0.0,0.97,-0.48,0.93,0.0,0.51,-1.61,-0.22,-0.96,0.76
2.64,-1.22,1.09,0.51,-1.75,-0.16,0.17,0.0,0.84,-0.39,0.21,-2.66,1.87
1.16,-0.01,-0.17,-0.01,0.05,0.16,4.86,0.0,0.16,0.09,0.38,1.22,0.85
-0.86,0.0,1.17,0.0,0.0,0.0,0.0,0.0,0.0,0.0,0.0,0.0,0.0
3.29,0.0,0.97,0.0,0.0,0.0,0.0,0.0,0.0,0.0,0.0,0.16,0.0
-0.36,0.34,-2.44,0.29,1.11,0.0,-2.03,0.0,0.47,0.0,0.0,0.16,-1.18
-0.27,1.31,-0.44,0.16,0.2,-0.18,-1.93,0.0,-0.84,0.7,-0.4,0.99,1.95
0.24,0.66,-2.36,-0.24,-0.4,-0.18,-5.36,0.0,-0.61,0.41,-0.68,-0.7,-2.15
-0.58,-0.76,-2.63,0.44,-0.94,-0.68,-1.05,0.0,0.08,0.1,0.86,-2.37,0.43
1.29,3.83,7.39,1.56,2.13,-1.44,-14.98,0.0,-0.29,0.72,0.17,2.71,-2.7
-1.27,0.0,-0.77,0.0,0.0,0.0,0.0,0.0,0.0,0.0,0.0,0.0,0.0
-0.65,0.0,-2.65,0.0,0.0,0.0,0.0,0.0,0.0,0.0,0.0,1.0,0.0
1.77,-0.68,10.17,0.39,-0.93,-0.28,2.98,0.0,-0.39,3.26,0.0,0.48,0.58
-0.29,-1.1,6.31,1.12,-0.67,0.92,10.22,0.0,0.0,-0.07,0.0,1.45,-1.77
6.43,0.5,21.8,-0.63,-0.46,-0.2,0.34,0.0,-0.98,0.58,0.0,3.48,-1.89
0.22,0.0,-0.3,-0.37,0.0,0.0,0.0,0.0,-0.14,0.43,0.0,-2.46,2.87
2.2,-1.06,-0.21,-0.04,1.41,0.43,3.59,0.0,1.43,-0.77,0.0,4.11,2.89
0.45,0.0,0.62,0.0,0.0,0.0,0.0,0.0,0.0,0.0,0.0,0.0,0.0
-1.64,0.0,-1.36,0.0,0.0,0.0,0.0,0.0,0.0,0.0,0.0,2.21,0.0
-1.04,0.85,-0.44,2.42,1.06,-0.52,0.44,0.0,0.38,-0.64,0.82,-4.26,0.0
0.41,-0.05,0.2,-0.03,-0.78,-0.03,0.19,0.0,1.56,1.47,-0.3,-0.8,-1.45
2.46,-0.42,2.49,-0.17,0.88,0.25,4.91,0.0,0.41,0.63,0.28,0.96,-0.86
-0.09,0.06,-0.27,0.32,0.13,-0.28,2.54,0.0,-0.14,0.15,0.8,-3.23,-0.73
-0.76,1.18,-0.04,0.77,-0.58,0.63,-1.27,0.0,1.04,0.58,1.13,-2.8,0.67
1.34,0.0,0.44,0.0,0.0,-0.16,0.0,0.0,0.0,0.0,0.0,0.0,0.0
-0.94,0.0,-1.61,0.0,0.0,0.0,0.0,0.0,0.0,0.0,0.0,-1.78,0.0
-0.05,-1.5,1.94,0.32,0.3,0.16,5.58,0.0,1.13,0.06,-0.23,-0.17,-0.89
0.74,-0.23,0.93,2.77,-4.06,0.0,1.82,0.0,0.57,0.74,-0.05,0.54,1.85
0.3,0.67,-1.42,0.53,1.05,-0.78,4.79,0.0,0.38,2.03,-0.2,0.82,-2.79
0.27,0.35,2.22,-0.63,2.03,-0.31,-1.84,0.0,1.9,1.67,-0.07,-3.07,-1.22
6.77,1.47,11.18,-0.08,-1.01,-0.31,0.31,0.0,0.49,2.51,0.03,1.92,2.91
2.74,0.0,-0.48,0.0,0.0,0.0,0.0,0.0,0.0,0.0,0.0,0.0,0.0
0.13,0.0,-1.57,0.0,0.0,0.0,0.0,0.0,0.0,0.0,0.0,-0.29,0.0
0.7,1.3,1.49,1.2,0.35,-0.47,-2.51,0.0,1.89,-2.36,-0.1,-0.99,-0.47
-0.55,0.56,0.39,2.59,0.22,0.0,-1.61,0.0,-0.17,0.13,0.25,2.31,3.58
1.08,2.5,0.35,-0.66,-0.2,-0.46,-19.81,0.0,-1.3,-2.24,0.45,2.23,0.57
0.46,1.94,-0.73,4.26,0.69,-0.15,-6.17,0.0,1.03,-0.17,-0.11,-0.41,-0.83
-1.11,-0.59,-2.15,-3.17,2.65,0.31,4.83,0.0,1.35,0.79,0.13,0.56,1.96
1.02,0.0,1.62,0.0,0.0,0.0,0.0,0.0,0.0,0.0,0.0,0.0,0.0
-1.83,0.0,-2.82,0.0,0.0,0.0,0.0,0.0,0.0,0.0,0.0,-0.31,0.0
2.25,1.8,4.94,2.52,1.77,-0.62,-10.31,0.0,-1.01,0.0,0.26,2.64,2.98
4.78,-3.29,2.93,-4.55,0.22,0.31,65.7,0.0,0.84,1.81,0.15,-4.87,3.3
-3.63,-2.04,-8.84,-4.6,0.0,-1.52,1.14,0.0,1.18,-3.46,0.76,9.1,0.04
8.25,-0.12,13.33,-3.59,0.3,-0.15,-0.89,0.0,0.0,9.52,0.45,-6.19,-1.8
-3.6,0.92,-5.13,-0.31,0.18,-0.15,-0.44,0.0,-2.96,-1.57,1.16,2.38,-2.42
0.98,0.0,-1.75,0.0,0.0,0.0,0.0,0.0,0.0,0.0,0.0,0.0,0.0
-6.18,0.0,-12.5,0.0,0.0,0.0,0.0,0.0,0.0,0.0,0.0,-4.04,0.0
-0.38,-1.27,-0.54,1.37,-1.11,-0.45,8.37,0.0,9.13,-0.23,1.31,-6.49,-0.66
0.85,-0.39,-0.01,-1.56,0.63,0.15,-4.38,0.0,-3.93,-5.97,1.58,-3.85,0.74
0.77,0.65,1.17,-0.92,-0.06,0.0,-1.26,0.0,6.03,-4.84,-7.34,-2.69,-0.4
-3.1,-0.79,-5.74,-0.57,-1.12,-0.3,-1.21,0.0,-7.83,0.67,-0.24,-0.17,1.27
3.17,-0.45,4.56,-1.16,0.67,-0.3,-0.47,0.0,-2.75,0.38,0.05,2.69,0.91
0.22,0.0,0.83,0.0,0.0,0.0,0.0,0.0,0.0,0.0,0.0,0.0,0.0
-0.33,0.0,-1.14,0.0,0.0,0.0,0.0,0.0,0.0,0.0,0.0,-0.65,0.0
-2.09,1.27,-3.63,1.09,0.45,-0.15,8.95,0.0,-2.77,0.55,0.38,0.2,1.22
-3.23,0.0,-5.34,-0.15,0.0,0.0,0.0,0.0,0.28,-1.97,-0.46,0.61,-0.02
0.36,0.95,-0.29,-0.5,0.17,-0.3,-0.22,0.0,0.02,-0.33,-0.67,0.16,0.25
-0.56,0.97,-2.74,-1.02,1.92,0.0,-5.23,0.0,-4.05,-1.12,0.15,1.04,-0.38
-0.1,0.95,-0.6,0.41,-0.06,0.15,0.66,0.0,-1.8,0.16,-0.04,0.15,-0.68
1.64,0.0,3.62,0.0,0.0,0.0,0.0,0.0,0.0,0.0,0.0,0.0,0.0
2.67,0.0,1.27,0.0,0.0,0.0,0.0,0.0,0.0,0.0,0.0,-0.37,0.0
-0.28,1.81,0.77,0.72,1.39,-0.15,-1.53,0.0,-0.6,1.76,0.0,2.13,-0.09
-0.16,0.57,-0.91,0.77,-0.16,-0.15,1.02,0.0,0.65,0.08,0.15,0.6,0.44
-3.03,-0.42,-3.55,1.42,-0.83,0.3,-3.01,0.0,0.46,-0.22,-1.29,-0.79,1.08
4.98,-0.22,6.42,-0.58,-1.08,0.0,-2.7,0.0,-0.18,1.08,-0.51,-0.33,0.57
-1.55,0.22,0.32,0.93,-1.37,-0.45,0.63,0.0,-0.2,-1.07,-0.1,0.76,-0.11
1.74,0.0,2.05,0.0,0.0,0.0,0.0,0.0,0.0,0.0,0.0,0.0,0.0
-2.09,0.0,-2.56,0.0,0.0,0.0,0.0,0.0,0.0,0.0,0.0,0.0,0.0
0.43,-0.86,1.34,-1.43,1.96,-0.45,3.82,0.0,-0.25,0.64,0.11,0.53,1.9
3.55,0.0,2.52,-1.49,-0.65,0.15,-1.86,0.0,0.0,2.13,0.19,-1.29,0.55
-3.06,0.92,-2.28,-0.94,2.23,0.0,0.4,0.0,1.2,-1.39,1.81,1.57,0.92
0.9,1.71,-0.73,0.57,0.61,0.15,-1.16,0.0,0.93,0.49,-0.39,1.34,-0.73
5.53,0.11,3.1,1.89,-0.9,0.15,0.49,0.0,0.72,-0.76,-0.23,-1.28,0.03
-2.62,0.0,-7.7,0.0,0.0,0.0,0.0,0.0,0.0,0.0,0.0,0.0,0.0
-6.41,0.0,-8.34,0.0,0.0,0.0,0.0,0.0,0.0,0.0,0.0,-0.76,0.0
-0.36,0.12,2.92,-2.77,-0.61,0.06,-1.06,0.0,-0.08,-2.7,0.41,1.13,-0.3
-3.78,-2.09,-2.78,1.41,-2.44,0.09,4.53,0.0,0.07,0.55,-0.19,-0.12,0.05
-0.75,-0.49,-1.75,-0.16,-0.64,-0.12,-2.97,0.0,-0.64,-1.78,-0.25,-2.19,0.82
3.83,0.0,3.29,-1.0,0.0,0.0,0.0,0.0,0.38,1.12,1.17,-0.62,1.23
1.23,-0.22,0.99,1.47,0.8,0.07,-5.04,0.0,-2.17,-1.22,0.53,-2.71,-0.61
-8.55,0.0,-14.66,0.0,0.0,0.0,0.0,0.0,0.0,0.0,0.0,0.0,0.0
9.52,0.0,13.56,0.0,0.0,0.0,0.0,0.0,0.0,0.0,0.0,0.27,0.0
2.0,-1.05,-0.84,-0.11,-0.01,0.31,-0.6,0.0,0.77,-1.76,0.22,-0.29,-1.37
-0.39,0.0,-3.09,-0.39,0.0,0.0,0.0,0.0,0.23,1.59,-0.12,1.89,0.04
0.6,-0.68,-1.29,0.25,-0.28,-0.15,-1.04,0.0,-1.2,-1.59,0.0,-0.46,-1.22
-5.04,0.46,-6.33,0.0,-0.1,-0.19,-4.78,0.0,1.7,0.01,-1.98,-2.46,0.52
-3.08,0.0,-0.59,0.0,0.0,0.0,0.0,0.0,-2.88,0.0,0.23,0.0,0.0
-4.93,0.0,-10.95,0.0,0.0,0.0,0.0,0.0,0.0,0.0,0.0,0.0,0.0
-0.31,0.0,2.04,0.0,0.0,0.0,0.0,0.0,0.0,0.0,0.0,0.6,0.0
0.42,0.54,3.79,0.0,-1.99,-0.1,-1.56,0.0,0.3,-0.47,1.02,0.19,-0.09
-2.19,-0.22,-2.76,-1.31,-1.43,0.22,-0.37,0.0,-0.25,-0.5,-0.8,-3.36,0.21
1.72,0.12,0.81,0.25,0.48,0.0,4.71,0.0,-1.39,-1.71,-0.18,0.79,-0.1
1.05,-1.3,1.68,0.48,-0.14,-0.24,0.4,0.0,0.26,-0.43,0.85,0.52,1.31
-0.15,0.0,-2.63,-0.13,0.0,0.0,0.0,0.0,-1.24,0.24,-0.02,0.69,0.5
-0.36,0.0,3.03,0.0,0.0,0.0,0.0,0.0,0.0,0.0,0.0,0.0,0.0
-1.48,0.0,-1.14,0.0,0.0,0.0,0.0,0.0,0.0,0.0,0.0,1.29,0.0
0.07,-0.03,-1.18,1.75,-0.47,0.21,0.4,0.0,-0.27,0.24,0.81,-0.33,-1.57
0.93,-0.2,1.88,0.27,0.75,0.63,0.17,0.0,0.25,-0.01,-0.93,-1.07,0.87
-1.3,-1.92,-2.22,0.61,-1.96,-0.11,2.94,0.0,0.06,1.04,0.27,0.25,0.18
2.2,-1.27,5.1,0.62,-0.1,-0.12,5.55,0.0,-0.79,-0.27,0.43,-2.52,-0.31
-1.71,-0.15,-2.18,-0.58,-0.37,0.03,-3.46,0.0,1.28,0.03,-0.42,1.09,1.64
1.0,0.0,1.24,0.0,0.0,0.0,0.0,0.0,0.0,0.0,0.0,0.0,0.0
0.02,0.0,-0.12,0.0,0.0,0.0,0.0,0.0,0.0,0.0,0.0,1.72,0.0
-0.07,-0.49,0.33,1.62,-0.77,-0.36,0.66,0.0,0.42,0.67,0.85,0.13,0.14
-0.06,0.2,-2.44,0.12,-1.93,0.24,0.46,0.0,0.04,-0.95,-0.12,0.71,-0.3
-0.03,1.52,-3.49,0.89,-0.16,-0.07,-2.33,0.0,-0.72,0.36,0.56,-0.92,0.81
-1.23,-0.79,1.97,-1.3,-2.56,0.03,1.83,0.0,0.61,0.39,1.01,-1.82,1.01
-3.5,-0.03,-5.21,0.09,1.51,0.09,-13.25,0.0,0.09,0.72,1.27,0.32,0.45
3.74,0.0,0.42,0.0,0.0,0.0,0.0,0.0,0.0,0.0,0.0,0.0,0.0
-2.94,0.0,-8.0,0.0,0.0,0.0,0.0,0.0,0.0,0.0,0.0,-1.89,0.0
-1.73,0.0,-5.44,0.0,0.0,0.0,0.0,0.0,0.72,-0.76,0.0,0.08,0.25
-2.2,1.32,1.59,0.99,2.49,-0.67,-6.57,0.0,-2.66,-0.5,0.0,0.8,1.31
0.97,0.26,4.3,0.67,1.04,-0.24,-6.71,0.0,0.0,0.53,0.0,0.36,-0.2
2.34,1.53,1.15,0.14,-0.21,0.25,2.45,0.0,0.0,-0.47,-0.65,-1.21,0.8
-0.73,0.08,-3.2,-0.59,-0.17,0.0,0.34,0.0,0.0,0.92,-0.06,0.85,-1.09
-0.53,0.0,-1.69,0.0,0.0,0.0,0.0,0.0,0.0,0.0,0.0,0.0,0.0
-2.01,0.0,-2.53,0.0,0.0,0.0,0.0,0.0,0.0,0.0,0.0,-1.43,0.0
-0.11,-1.86,0.21,0.04,1.05,-0.22,8.29,0.0,0.15,-1.46,0.7,-0.63,0.64
0.91,-1.02,-0.82,0.22,2.0,-0.43,0.3,0.0,0.25,-0.29,0.51,0.4,-0.05
0.22,0.65,2.95,0.77,-0.91,-0.16,-0.46,0.0,1.02,0.53,-0.89,-1.28,0.39
-2.33,-0.13,-2.57,0.03,0.1,0.3,-1.66,0.0,-1.39,0.61,-0.05,-0.73,1.34
3.87,-1.71,1.39,0.31,-0.2,-0.87,3.9,0.0,-0.92,0.88,0.08,-0.87,0.24
0.87,0.0,2.05,0.0,0.0,0.0,0.0,0.0,0.0,0.0,0.0,0.0,0.0
-3.08,0.0,-2.78,0.0,0.0,0.0,0.0,0.0,0.0,0.0,0.0,-1.66,0.0
0.43,0.57,-4.73,0.81,-0.37,-0.23,4.24,0.0,-0.07,1.0,0.18,0.38,-0.45
4.08,-0.16,5.01,1.48,0.38,-0.2,1.83,0.0,0.79,-0.21,0.28,-0.76,0.67
-0.49,0.77,-4.17,1.04,-1.18,1.09,1.36,0.0,1.58,1.83,-0.43,-1.46,0.7
4.1,0.3,7.03,0.53,0.21,0.07,-1.37,0.0,0.32,0.11,2.54,2.86,0.56
2.12,1.09,2.75,-0.46,-3.39,-0.04,-3.3,0.0,1.17,0.16,-0.25,-0.75,-1.02
-0.01,0.0,-3.97,0.0,0.0,0.0,0.0,0.0,0.0,0.0,0.0,0.0,0.0
-0.07,0.0,-0.5,0.0,0.0,0.0,0.0,0.0,0.0,0.0,0.0,2.02,0.0
-0.12,-2.55,0.5,-0.81,0.37,0.31,7.26,0.0,-0.31,-1.54,-1.33,2.99,0.73
2.36,-1.13,1.52,0.43,0.27,-0.25,1.76,0.0,0.33,0.16,-0.58,1.26,0.31
-2.66,-0.8,-3.28,-0.31,1.43,-0.24,1.33,0.0,-0.08,-1.11,0.02,-1.89,0.47
-1.92,-0.5,-1.58,0.5,0.43,-0.12,-1.33,0.0,-1.83,0.55,0.71,1.7,0.54
-5.2,0.53,-8.33,2.36,0.61,0.12,-6.33,0.0,-1.05,1.26,-0.14,-1.06,-0.14
3.97,0.0,1.45,0.0,0.0,0.0,0.0,0.0,0.0,0.0,0.0,0.0,0.0
0.13,0.0,-0.57,0.0,0.0,0.0,0.0,0.0,0.0,0.0,0.0,0.08,0.0
0.05,-2.1,1.31,-0.94,-1.25,0.3,15.58,0.0,-0.94,0.0,-1.57,1.18,-0.68
1.25,-0.49,4.45,0.45,1.53,-0.24,-1.44,0.0,-0.26,-0.22,-2.66,1.32,1.27
2.54,1.49,2.83,0.55,2.06,-0.18,-5.31,0.0,1.97,-0.43,-1.63,0.34,0.71
1.07,0.46,0.67,-0.6,-0.2,0.04,0.42,0.0,-1.47,-1.07,0.21,0.8,-0.56
0.84,0.03,-0.72,0.84,-0.71,0.12,3.4,0.0,-0.96,-1.11,0.06,1.01,-0.55
-1.0,0.0,0.18,0.0,0.0,0.0,0.0,0.0,0.0,0.0,0.0,0.0,0.0
-1.65,0.0,-1.43,0.0,0.0,0.0,0.0,0.0,0.0,0.0,0.0,0.29,0.0
1.07,-0.32,2.11,0.1,0.1,0.0,5.55,0.0,1.8,-0.04,0.14,0.79,0.81
-1.57,0.07,-0.05,-0.19,0.36,-0.22,-5.68,0.0,1.12,1.1,-0.01,-0.76,0.01
-3.64,0.12,-4.59,-0.34,-0.12,0.06,6.51,0.0,0.24,0.73,1.26,0.2,-0.3
0.73,-0.02,0.09,-1.58,-0.14,0.53,-2.53,0.0,-0.32,1.09,-0.5,0.84,1.04
4.02,0.43,2.08,0.3,0.21,-0.12,-10.3,0.0,1.19,-0.09,-0.06,-0.22,0.24
-0.35,0.0,4.28,0.0,0.0,0.0,0.0,0.0,0.0,0.0,0.0,0.0,0.0
-2.13,0.0,-1.71,0.0,0.0,0.0,0.0,0.0,0.0,0.0,0.0,0.01,0.0
-0.55,-1.9,-3.9,-0.09,-1.1,0.27,3.88,0.0,-0.29,-2.95,-0.36,0.51,-2.19
0.34,-0.83,1.61,-0.42,0.03,0.18,0.96,0.0,-0.69,-0.39,0.62,-0.36,-0.26
-2.73,-0.67,-5.76,0.05,-0.17,-0.1,-0.78,0.0,-0.72,0.38,-0.73,-0.49,0.16
-5.6,-1.13,-6.81,0.12,-0.12,0.27,3.32,0.0,-0.24,0.0,-0.16,-0.67,-1.23
0.08,-0.07,-2.36,0.15,-1.0,0.19,7.41,0.0,-0.03,-0.54,-2.01,-0.71,-1.35
1.55,0.0,0.68,0.0,0.0,0.0,0.0,0.0,0.0,0.0,0.0,0.0,0.0
2.98,0.0,2.29,0.0,0.0,0.0,0.0,0.0,0.0,0.0,0.0,0.03,0.0
-0.01,0.46,-0.98,-0.68,1.93,-0.18,-1.04,0.0,-0.95,0.0,0.85,1.54,0.9
1.42,-0.43,0.72,0.15,-2.35,-0.34,-0.58,0.0,1.21,0.82,0.29,-0.5,1.31
-1.1,0.17,1.31,0.53,0.17,0.9,-3.7,0.0,0.01,-0.3,0.59,2.52,0.98
4.69,0.1,5.58,0.66,-0.14,-0.09,-2.34,0.0,0.53,-0.61,0.0,0.44,0.03
-0.78,-0.11,-2.42,0.83,-3.34,-0.42,-0.23,0.0,0.18,0.25,0.0,1.15,-0.67
-3.72,0.0,-7.09,0.0,0.0,0.0,0.0,0.0,0.0,0.0,0.0,0.0,0.0
1.28,0.0,0.17,0.0,0.0,0.0,0.0,0.0,0.0,0.0,0.0,0.24,0.0
0.08,0.17,-0.08,0.66,-0.43,0.06,-2.67,0.0,-0.77,-0.19,-0.05,-1.75,0.24
2.88,0.68,5.66,0.88,1.22,-0.61,0.54,0.0,0.3,0.61,1.05,-0.51,0.17
-1.69,0.34,-1.33,0.96,-0.74,-0.79,0.54,0.0,0.07,0.05,0.12,-1.81,-0.55
2.85,0.0,6.12,0.54,0.0,0.0,0.0,0.0,1.91,0.24,-0.42,2.65,0.48
0.05,0.8,-0.78,-0.61,0.15,-0.1,-2.23,0.0,0.8,0.56,0.44,-0.23,0.21
-1.39,0.0,-1.75,0.0,0.0,0.0,0.0,0.0,0.0,0.0,0.0,0.0,0.0
0.83,0.0,0.14,0.0,0.0,0.0,0.0,0.0,0.0,0.0,0.0,-0.5,0.0
-1.06,0.65,3.09,-0.79,-0.68,-0.22,1.91,0.0,-0.37,-0.38,1.13,-0.29,0.14
1.87,0.77,0.38,0.23,1.38,0.07,-5.13,0.0,0.56,0.0,0.93,0.09,0.25
-0.25,-0.78,-2.06,0.7,-0.99,-0.41,3.97,0.0,-0.8,0.57,-0.43,-0.13,-3.22
4.25,0.57,9.85,0.55,0.31,0.28,-4.44,0.0,-0.87,0.3,1.53,0.31,1.61
-1.17,0.01,-2.52,-0.45,0.31,0.29,0.02,0.0,1.3,0.35,-0.12,-3.68,0.74
-4.97,0.0,1.51,0.0,0.0,0.0,0.0,0.0,0.0,0.0,0.0,0.0,0.0
0.24,0.0,-0.96,0.0,0.0,0.0,0.0,0.0,0.0,0.0,0.0,0.11,0.0
-1.24,1.48,1.99,-0.82,1.07,-0.15,-4.94,0.0,0.68,0.53,-0.11,1.44,0.7
0.56,1.89,-0.85,-0.09,2.62,-0.09,0.67,0.0,-0.85,0.0,-3.06,1.52,0.75
4.32,-0.84,9.34,-0.8,-1.14,0.34,2.09,0.0,-0.16,0.4,0.07,-0.43,1.99
2.24,0.45,-1.17,1.97,-0.52,0.13,3.26,0.0,0.51,0.39,0.66,0.54,-0.19
1.95,-0.3,-3.16,-0.09,1.41,0.15,2.66,0.0,-1.09,-1.32,0.67,3.3,-0.29
0.72,0.0,4.29,0.0,0.0,0.0,0.0,0.0,0.0,0.0,0.0,0.0,0.0
-0.78,0.0,-1.81,0.0,0.0,0.0,0.0,0.0,0.0,0.0,0.0,-0.24,0.0
-0.56,0.19,1.38,-2.25,-3.07,0.16,-4.28,0.0,0.0,-0.6,-0.21,-2.26,-0.9
4.3,-1.79,1.02,1.07,0.14,-0.32,5.79,0.0,0.28,0.02,-1.45,0.81,-0.88
-3.46,-1.18,-4.04,-1.01,-1.19,-0.03,2.24,0.0,-0.48,-0.29,-1.73,-0.04,-2.37
2.82,-0.23,-1.71,1.07,-0.66,-0.01,-1.38,0.0,-1.66,0.1,0.51,-0.25,-0.86
-0.82,-0.67,-3.85,-1.43,1.3,0.03,-3.15,0.0,-0.4,0.38,-1.39,-2.78,1.8
10.29,0.0,5.84,0.0,0.0,0.0,0.0,0.0,0.0,0.0,0.0,0.0,0.0
4.81,0.0,1.87,0.0,0.0,0.0,0.0,0.0,0.0,0.0,0.0,-0.27,0.0
0.24,-1.01,5.62,0.38,-1.01,-0.64,0.49,0.0,0.08,0.74,0.51,-2.34,-3.07
0.85,1.56,2.32,-0.53,-0.42,0.21,-7.78,0.0,0.3,2.53,-0.53,0.7,0.26
0.37,0.67,6.33,1.04,-0.14,-0.29,-3.39,0.0,-0.25,1.23,2.57,-0.49,0.05
8.96,-1.33,12.36,-1.19,-0.5,-0.2,4.94,0.0,2.61,-0.28,-0.09,0.76,-0.32
2.25,0.6,0.98,-1.3,0.37,0.23,2.27,0.0,1.11,0.41,2.32,1.31,-1.52
-1.34,0.0,-2.39,0.0,0.0,0.0,0.0,0.0,0.0,0.0,0.0,0.0,0.0
-0.8,0.0,-1.39,0.0,0.0,0.0,0.0,0.0,0.0,0.0,0.0,1.69,0.0
-0.26,-0.3,-0.78,-0.4,-1.05,0.34,0.26,0.0,-2.63,-1.86,1.17,-1.71,0.4
-1.1,-0.21,-0.28,0.54,0.29,0.06,6.85,0.0,-0.5,-0.33,-0.24,2.3,1.21
-2.86,0.63,-5.25,0.15,-1.09,-0.2,1.57,0.0,0.96,0.16,0.42,2.18,-0.21
-0.53,0.67,0.76,0.26,1.89,-0.07,-2.34,0.0,0.77,0.27,-0.61,-0.77,0.44
3.97,-1.28,2.77,-0.34,0.92,0.41,4.74,0.0,1.82,-0.03,-1.08,-1.25,0.67
2.87,0.0,2.39,0.0,0.0,0.0,0.0,0.0,0.0,0.0,0.0,0.0,0.0
1.37,0.0,1.0,0.0,0.0,0.0,0.0,0.0,0.0,0.0,0.0,-4.05,0.0
0.58,-0.21,1.69,-0.04,-5.8,0.37,-4.46,0.0,-0.6,0.21,0.68,1.75,-1.12
-2.19,0.09,-3.73,-0.9,-0.84,0.16,1.58,0.0,0.1,-0.92,0.59,-1.1,1.06
2.29,-1.91,0.39,0.79,-0.44,0.06,4.6,0.0,-0.8,-0.05,-0.68,-0.35,-0.02
-1.13,-0.72,-3.65,0.79,-0.87,-0.19,5.56,0.0,-1.39,-0.18,0.52,2.02,1.03
0.08,0.23,-1.68,-0.77,-0.79,-0.09,-2.61,0.0,0.0,0.4,0.54,1.67,0.72
-2.4,0.0,-2.93,0.0,0.0,0.0,0.0,0.0,0.0,0.0,0.0,0.0,0.0
0.96,0.0,3.77,0.0,0.0,0.0,0.0,0.0,0.0,0.0,0.0,0.0,0.0
-0.07,-1.21,0.21,-1.87,-1.53,0.18,2.57,0.0,-0.07,-0.02,0.2,-2.08,0.46
1.49,0.0,1.39,0.74,0.0,0.0,0.0,0.0,0.18,0.47,2.91,0.19,0.37
-0.3,-0.27,-0.21,0.68,-0.01,0.0,0.38,0.0,-0.69,-0.76,-1.05,-0.5,-0.19
0.81,0.05,0.12,-0.25,-0.27,0.15,0.06,0.0,-1.83,0.77,0.05,-0.96,1.01
1.51,0.46,-0.86,0.68,0.21,-0.59,-1.7,0.0,0.77,0.61,-2.53,-3.38,0.83
5.11,0.0,6.55,0.0,0.0,0.0,0.0,0.0,0.0,0.0,0.0,0.0,0.0
-0.53,0.0,-0.31,0.0,0.0,0.0,0.0,0.0,0.0,0.0,0.0,-1.67,0.0
1.13,0.03,1.63,-0.42,1.03,-0.58,-2.04,0.0,0.57,-0.21,2.07,-0.21,-0.54
3.62,-0.03,2.15,0.3,-0.51,0.25,-4.44,0.0,0.26,0.71,-2.55,3.03,-0.82
-0.52,0.36,0.64,0.68,-1.77,0.77,-3.19,0.0,0.87,0.97,1.32,-0.84,-0.33
-2.46,1.41,-2.9,-0.85,-0.52,0.67,-3.27,0.0,-1.0,-0.96,-6.62,-4.27,-0.14
-0.14,-1.46,0.75,0.18,-0.54,-0.27,6.74,0.0,1.8,0.9,4.59,4.42,-0.07
-0.91,0.0,-0.72,0.0,0.0,0.0,0.0,0.0,0.0,0.0,0.0,0.0,0.0
1.22,0.0,1.05,0.0,0.0,0.0,0.0,0.0,0.0,0.0,0.0,-0.81,0.0
-0.03,-0.96,0.02,-0.93,-1.54,-0.13,7.27,0.0,0.22,-0.17,8.06,0.75,-0.19
2.19,-2.12,2.76,-1.32,-1.04,0.61,9.86,0.0,1.97,0.01,2.88,4.19,1.08
0.17,0.1,-0.67,0.69,-1.17,-0.3,-6.26,0.0,-2.18,-0.93,3.61,0.01,-0.88
-0.31,-1.0,-3.43,2.35,-0.27,-0.34,6.9,0.0,1.93,0.42,1.16,3.58,-0.46
-3.95,-0.01,-5.91,-0.48,-0.66,-0.09,-0.33,0.0,-4.8,-0.13,4.15,0.09,0.5
-3.46,0.0,-2.04,0.0,0.0,0.0,0.0,0.0,0.0,0.0,0.0,0.0,0.0
-0.39,0.0,-0.67,0.0,0.0,0.0,0.0,0.0,0.0,0.0,0.0,-0.54,0.0
0.14,0.53,-0.7,1.13,1.26,0.09,-5.81,0.0,2.32,0.0,0.44,1.91,0.0
0.92,-0.08,2.37,0.29,-0.05,0.04,-4.85,0.0,2.79,0.4,0.03,-3.24,1.08
3.2,0.03,2.0,-1.45,-2.58,-0.31,-2.85,0.0,-0.19,-0.19,0.69,-2.76,0.25
-1.71,0.72,-2.72,2.24,1.71,0.25,7.78,0.0,0.57,0.25,0.49,1.33,1.37
1.46,1.44,0.18,-0.52,2.26,-0.44,2.57,0.0,1.53,0.28,-0.48,-0.58,1.08
-0.38,0.0,2.53,0.0,0.0,0.0,0.0,0.0,0.0,0.0,0.0,0.0,0.0
0.35,0.0,-1.19,0.0,0.0,0.0,0.0,0.0,0.0,0.0,0.0,-0.37,0.0
0.23,-0.14,2.01,0.69,1.25,-0.28,-6.75,0.0,2.13,-0.19,-0.17,0.3,-0.42
0.42,-0.37,3.95,-0.34,0.08,-0.28,6.22,0.0,0.49,1.7,-0.82,2.31,-0.51
1.91,0.01,3.89,0.62,0.22,-0.31,1.04,0.0,-1.03,-0.29,0.28,-0.79,0.24
2.4,0.12,1.3,1.06,-2.25,-0.04,-0.72,0.0,-0.68,0.03,-1.06,0.84,0.69
3.6,0.1,2.01,0.35,-0.79,0.0,-4.8,0.0,3.41,0.13,-0.81,1.96,1.88
-1.56,0.0,-0.92,0.0,0.0,0.0,0.0,0.0,0.0,0.0,0.0,0.0,0.0
-1.43,0.0,-4.16,0.0,0.0,0.0,0.0,0.0,0.0,0.0,0.0,-0.57,0.0
-0.85,1.56,-0.92,-0.66,1.8,-0.01,-3.27,0.0,0.0,0.54,0.14,-0.31,-0.19
4.09,0.0,3.32,0.86,0.0,0.0,0.0,0.0,-1.49,0.75,-0.67,2.82,0.43
1.39,-0.46,0.92,-1.6,0.19,-0.06,2.0,0.0,-0.16,1.07,-0.29,1.45,0.33
-0.51,0.58,-1.99,-0.68,-0.79,-0.16,-6.16,0.0,-0.48,0.45,-1.1,-3.59,-0.77
1.03,0.12,1.19,-1.31,2.92,-0.09,-6.44,0.0,-0.72,1.16,0.68,0.53,0.89
3.99,0.0,2.76,0.0,0.0,0.0,0.0,0.0,0.0,0.0,0.0,0.0,0.0
1.3,0.0,0.94,0.0,0.0,0.0,0.0,0.0,0.0,0.0,0.0,0.25,0.0
0.35,-1.18,2.21,-1.22,0.02,0.19,7.11,0.0,-1.05,-1.73,-0.5,-1.83,0.06
-3.94,0.03,-6.06,0.3,-0.1,-0.01,-1.18,0.0,-4.24,-0.3,-0.4,0.09,-0.26
-3.09,-0.16,-3.31,-0.17,1.68,0.04,3.86,0.0,-0.04,-0.16,-0.24,-1.39,-0.15
0.86,0.12,1.11,1.08,0.19,0.0,-1.55,0.0,0.14,-2.12,0.04,-4.68,-0.72
-2.8,0.12,-4.53,0.29,0.4,0.15,4.98,0.0,0.74,1.01,0.0,0.98,0.76
3.17,0.0,4.57,0.0,0.0,0.0,0.0,0.0,0.0,0.0,0.0,0.0,0.0
-2.82,0.0,-3.42,0.0,0.0,0.0,0.0,0.0,0.0,0.0,0.0,-0.89,0.0
-0.24,0.0,-0.47,0.04,0.0,0.0,0.0,0.0,-0.02,0.0,0.0,-2.57,-0.88
-0.43,0.42,-0.13,-0.25,-0.26,-0.12,-2.86,0.0,0.22,-0.6,0.0,1.53,0.31
0.61,0.07,0.04,0.5,0.76,0.1,-1.16,0.0,0.47,0.16,0.0,-1.86,0.19
-0.73,0.05,2.84,-0.01,-0.09,-0.01,2.33,0.0,-0.66,-0.32,0.0,-1.79,1.16
-5.4,0.17,-8.29,0.57,-1.92,-0.04,-1.18,0.0,0.4,1.15,0.0,-1.94,-1.14
-2.22,0.0,-2.46,0.0,0.0,0.0,0.0,0.0,0.0,0.0,0.0,0.0,0.0
0.18,0.0,-0.74,0.0,0.0,0.0,0.0,0.0,0.0,0.0,0.0,-0.17,0.0
0.17,0.6,0.2,-0.28,0.2,-0.12,1.79,0.0,0.0,-0.89,0.2,0.9,-0.07
6.1,-0.11,5.33,0.64,0.82,-0.04,4.25,0.0,0.68,0.42,-0.27,-1.57,0.39
-1.29,0.3,-0.29,0.68,0.06,0.13,-2.49,0.0,-0.29,-0.2,-0.35,-1.11,-0.13
3.65,0.37,2.25,1.7,1.46,-0.32,-3.53,0.0,1.8,0.97,-0.93,3.61,2.08
-0.78,0.61,-2.43,0.7,0.31,0.01,-3.46,0.0,-1.77,0.2,0.49,-0.45,0.35
1.75,0.0,0.96,0.0,0.0,0.0,0.0,0.0,0.0,0.0,0.0,0.0,0.0
-1.74,0.0,-0.09,0.0,0.0,0.0,0.0,0.0,0.0,0.0,0.0,1.24,0.0
1.03,0.35,0.85,0.49,-0.21,-0.01,-0.61,0.0,3.64,1.61,0.07,0.8,-0.71
2.33,1.69,0.89,-0.07,0.96,0.04,-6.69,0.0,0.78,0.38,0.94,3.54,-0.29
-2.0,-0.14,-3.51,0.14,-0.71,0.22,-4.53,0.0,0.58,1.68,-0.6,-1.84,1.7
-3.11,-0.94,-1.48,0.01,-0.27,-0.15,1.89,0.0,3.45,0.0,0.34,0.24,0.17
2.1,-0.03,-0.72,2.03,0.05,0.17,3.47,0.0,0.56,0.47,-0.14,-0.33,1.9
1.08,0.0,6.62,0.0,0.0,0.0,0.0,0.0,0.0,0.0,0.0,0.0,0.0
-3.64,0.0,-2.17,0.0,0.0,0.0,0.0,0.0,0.0,0.0,0.0,-3.46,0.0
0.13,0.94,0.44,0.08,0.51,-0.58,-7.63,0.0,-0.74,2.3,-0.27,-2.24,-0.33
-1.38,0.0,-3.16,-1.45,0.0,0.0,0.0,0.0,1.19,-0.77,0.0,4.26,-0.76
11.94,-0.68,14.8,-2.67,-0.4,-0.23,2.67,0.0,10.23,1.04,0.09,-0.51,-1.46
-1.67,1.85,-5.04,-2.2,-0.22,-0.12,-13.73,0.0,-12.4,-3.0,0.23,-2.12,-0.09
3.85,-0.43,1.9,0.66,1.26,-0.1,-7.98,0.0,-5.81,-1.84,-1.54,0.96,-0.11
-7.16,0.0,-10.14,0.0,0.0,0.0,0.0,0.0,0.0,0.0,0.0,0.0,0.0
-4.21,0.0,-7.44,0.0,0.0,0.0,0.0,0.0,0.0,0.0,0.0,-2.34,0.0
-1.27,-3.08,-2.87,0.53,0.87,0.17,42.23,0.0,-2.49,-1.37,-0.92,0.97,1.65
-5.96,-1.04,-6.7,-0.97,-0.85,-0.3,10.75,0.0,1.49,1.58,-0.22,0.14,1.04
1.16,-0.11,-0.83,1.06,0.37,-0.17,-2.42,0.0,0.15,-0.5,2.06,-1.2,-0.09
-2.36,0.38,-1.44,-1.04,0.53,-0.17,2.87,0.0,2.13,0.08,-0.43,-1.01,0.89
-0.92,0.19,-1.18,-1.12,-0.74,-0.09,-0.5,0.0,0.0,1.11,0.03,0.38,-1.38
-2.14,0.0,1.47,0.0,0.0,0.0,0.0,0.0,0.0,0.0,0.0,0.0,0.0
0.61,0.0,0.72,0.0,0.0,0.0,0.0,0.0,0.0,0.0,0.0,-2.66,0.0
-0.1,0.45,-0.86,0.4,0.02,0.04,5.7,0.0,-0.53,-0.51,0.14,-1.15,-0.48
3.21,1.65,3.14,1.45,0.14,0.03,-2.93,0.0,-3.28,-2.31,-0.52,2.49,0.48
0.66,-0.01,-4.79,-0.88,-0.36,-0.01,7.27,0.0,-1.11,-0.16,-0.46,-1.37,-0.13
-0.86,0.23,-4.23,-0.44,-1.78,0.0,-7.73,0.0,-0.01,1.08,-1.65,-0.55,-1.81
-2.39,-0.33,1.24,-1.14,1.14,-0.21,-17.43,0.0,-1.16,-0.71,-0.61,0.01,-0.55
-0.89,0.0,-2.7,0.0,0.0,0.0,0.0,0.0,0.0,0.0,0.0,0.0,0.0
1.5,0.39,0.53,0.0,0.3,0.0,0.0,0.0,0.0,0.0,0.0,-0.97,0.0
0.71,-1.53,0.36,-0.71,-0.42,-0.07,4.13,0.0,-0.16,-0.78,0.17,0.65,-0.41
4.22,0.0,2.29,-1.19,0.0,0.0,0.0,0.0,-2.36,-1.39,0.48,0.93,1.92
-0.17,0.02,1.13,1.34,1.86,0.06,2.17,0.0,-0.43,0.64,-0.45,-0.69,0.45
-1.48,-0.02,-1.6,0.35,2.6,0.09,2.02,0.0,0.2,0.28,0.08,-1.16,-0.15
0.41,0.48,-1.2,1.13,-0.07,-0.19,0.25,0.0,-2.45,0.55,0.09,-0.24,1.84
6.56,0.0,7.44,0.0,0.0,0.0,0.0,0.0,0.0,0.0,0.0,0.0,0.0
2.68,0.0,2.15,0.0,0.0,0.0,0.0,0.0,0.0,0.0,0.0,-0.69,0.0
2.29,0.35,1.33,-1.33,0.51,0.0,3.37,0.0,0.94,-0.88,0.03,0.36,0.32
0.96,0.14,1.08,-0.19,-0.06,-0.06,-1.93,0.0,0.61,1.02,1.06,0.71,0.2
-0.71,-0.37,-0.04,-0.16,0.78,-0.07,-3.03,0.0,1.96,0.07,-0.68,-0.48,-1.37
-0.5,0.45,1.18,0.44,0.12,-0.04,1.07,0.0,0.0,0.0,1.26,2.05,1.5
2.32,-0.09,1.51,1.21,1.58,-0.11,5.0,0.0,-0.32,0.1,-0.93,0.22,0.0
1.55,0.0,3.04,0.0,0.0,0.0,0.0,0.0,0.0,0.0,0.0,0.0,0.0
-4.12,0.0,-4.51,0.0,0.0,0.0,0.0,0.0,0.0,0.0,0.0,-0.46,0.0
2.86,0.0,2.93,-0.48,0.0,0.0,0.0,0.0,0.0,0.54,-0.26,1.54,1.15
-0.67,0.33,-2.5,0.73,2.05,-0.06,7.13,0.0,0.82,0.51,-0.83,-0.15,-0.1
-5.27,0.28,-7.2,-0.18,-0.57,0.07,-1.24,0.0,1.26,0.62,-0.49,-1.18,0.26
-3.07,0.77,-3.7,-0.27,1.01,0.11,-2.65,0.0,1.12,0.27,0.08,1.79,-0.07
-1.25,-0.2,-0.61,-0.41,-0.8,0.04,-3.19,0.0,0.12,-0.41,0.92,-0.46,1.29
0.22,0.0,0.14,0.0,0.0,0.0,0.0,0.0,0.0,0.0,0.0,0.0,0.0
2.92,0.0,1.75,0.0,0.0,0.0,0.0,0.0,0.0,0.0,0.0,-0.83,0.0
0.94,0.73,-0.05,-0.3,1.3,0.2,-1.37,0.0,0.61,0.09,0.73,0.82,-0.91
-2.08,0.09,-2.04,0.89,0.44,0.17,0.2,0.0,-0.82,0.16,-0.9,-0.25,-0.6
1.37,0.46,2.37,-0.82,0.68,-0.03,-2.47,0.0,1.26,0.39,0.76,1.23,0.54
-1.55,0.3,-0.72,1.27,0.55,-0.04,0.77,0.0,0.95,-0.31,-0.44,2.44,-1.66
2.52,0.36,1.28,-0.61,-0.41,0.03,-1.87,0.0,0.54,-0.16,-1.17,-0.32,1.38
-4.59,0.0,-2.0,0.0,0.0,0.0,0.0,0.0,0.0,0.0,0.0,0.0,0.0
-1.66,0.0,-2.15,0.0,0.0,0.0,0.0,0.0,0.0,0.0,0.0,0.72,0.0
0.21,0.27,-0.63,0.72,0.04,-0.1,1.81,0.0,-0.09,-0.25,-0.24,-0.54,-0.04
-1.12,-0.36,0.15,0.85,-1.65,-0.04,6.66,0.0,0.16,0.25,-0.42,0.18,0.41
-0.19,0.37,-1.36,-1.95,1.03,-0.03,-1.24,0.0,0.23,0.77,-0.4,0.08,-0.59
-0.27,-0.47,2.2,-1.97,-1.18,-0.37,-2.68,0.0,1.0,-0.04,0.48,3.56,1.27
-2.01,0.5,-0.77,1.4,0.26,-0.03,5.77,0.0,-1.83,0.23,-0.55,-0.12,-0.83
-0.26,0.0,-3.13,0.0,0.0,0.0,0.0,0.0,0.0,0.0,0.0,0.0,0.0
0.68,0.0,1.58,0.0,0.0,0.0,0.0,0.0,0.0,0.0,0.0,-0.38,0.0
0.29,0.62,2.5,-1.02,-0.31,-0.26,1.11,0.0,0.24,0.85,0.12,1.69,0.27
-1.11,0.52,0.34,-0.69,-1.63,0.2,-4.93,0.0,-0.4,0.27,-0.28,1.98,0.25
-2.18,0.48,-2.52,-0.35,-1.08,0.04,-6.26,0.0,-0.66,0.26,0.31,-1.49,0.78
1.4,0.22,1.77,0.66,-0.35,-0.16,-2.56,0.0,0.25,-0.11,-0.76,-3.53,-3.49
-3.19,0.18,-4.63,1.66,-0.48,-0.1,-9.96,0.0,0.92,-0.02,0.08,-0.57,0.88
-0.16,0.0,-1.04,0.0,0.0,0.0,0.0,0.0,0.0,0.0,0.0,0.0,0.0
0.49,0.0,0.67,0.0,0.0,0.0,0.0,0.0,0.0,0.0,0.0,0.0,0.0
-0.05,0.0,0.09,0.0,0.0,0.0,0.0,0.0,-0.05,0.0,-0.54,-0.76,1.16
-2.04,1.84,-3.53,0.0,1.11,1.24,-2.87,0.0,0.55,1.18,-0.83,-1.89,-0.96
-0.41,1.47,-1.35,-1.0,-2.04,-0.56,0.49,0.0,-0.89,0.15,0.41,-1.27,1.0
0.76,3.6,1.44,0.4,4.26,-0.24,-11.04,0.0,-0.22,0.11,-0.27,2.03,-0.68
2.53,-6.72,1.15,0.03,5.96,-0.07,-29.4,0.0,1.13,0.8,-0.16,1.01,0.18
1.53,0.0,-0.4,0.0,0.0,0.0,0.0,0.0,0.0,0.0,0.0,0.0,0.0
0.02,0.0,-0.89,0.0,0.0,0.0,0.0,0.0,0.0,0.0,0.0,0.0,0.0
0.34,3.31,1.42,0.0,1.15,0.19,27.75,0.0,0.0,0.0,0.0,-0.03,-0.94
-1.21,0.29,0.4,0.38,-0.95,0.2,-14.9,0.0,0.0,-0.6,-0.62,1.24,0.43
1.06,-1.0,-0.58,-1.33,-0.93,-0.24,1.77,0.0,0.0,-0.74,0.05,-0.4,0.73
-1.07,-0.59,-1.98,-0.57,-0.94,0.01,0.0,0.0,1.14,0.02,-0.46,-1.47,0.23
-1.53,-0.49,-1.25,0.47,0.48,-1.14,-0.08,0.0,-1.3,0.7,1.14,-1.25,-2.1
1.33,0.0,1.79,0.0,0.0,0.0,0.0,0.0,0.0,0.0,0.0,0.0,0.0
-1.11,0.0,2.05,0.0,0.0,0.0,0.0,0.0,0.0,0.0,0.0,-0.11,0.0
1.07,0.05,0.57,-0.04,0.65,-0.24,4.32,0.0,0.0,-0.74,-0.88,-0.25,-1.79
0.84,-0.03,-1.52,0.25,-0.56,0.27,6.83,0.0,-0.77,-0.27,-1.33,0.74,-0.14
-1.71,1.17,1.25,-0.43,0.66,-0.14,1.54,0.0,-0.11,0.25,0.02,0.56,0.42
-1.4,0.27,-1.36,-0.54,2.43,-0.32,-0.41,0.0,0.66,0.09,-0.42,0.6,1.62
-1.8,0.23,3.53,0.2,-1.1,-0.1,-1.57,0.0,-1.17,0.12,0.54,-0.97,-0.4
7.76,0.0,19.17,0.0,0.0,0.0,0.0,0.0,0.0,0.0,0.0,0.0,0.0
-0.95,0.0,-1.63,0.0,0.0,0.0,0.0,0.0,0.0,0.0,0.0,1.32,0.0
-0.18,0.34,0.97,-0.16,0.69,-0.15,6.26,0.0,1.26,0.0,1.01,-0.2,1.19
2.77,0.64,5.02,-0.56,-0.97,-0.11,3.67,0.0,-0.85,-0.21,0.08,-1.83,0.94
-1.5,0.92,-2.96,0.41,0.85,-0.04,-0.99,0.0,-0.31,1.17,-0.82,0.47,-1.02
7.56,0.25,5.3,0.03,-1.12,0.13,-1.37,0.0,0.73,0.48,-0.07,1.2,0.61
-2.17,0.81,-2.34,-0.12,-0.47,0.3,0.38,0.0,-0.34,-0.02,-0.21,-0.73,1.61
2.37,0.24,0.74,0.0,-0.08,0.0,-1.97,0.0,0.0,0.0,0.0,0.0,0.0
1.07,0.0,0.58,0.0,0.0,0.0,0.0,0.0,0.0,0.0,0.0,0.6,0.0
0.05,0.0,0.09,0.61,0.0,0.0,0.0,0.0,1.39,0.16,0.01,0.45,-0.22
-3.61,0.63,-4.16,0.32,1.59,-0.57,11.52,0.0,0.08,0.51,0.83,-1.56,-0.42
3.05,-1.74,2.06,0.44,-0.66,-0.18,1.5,0.0,0.46,0.0,-0.61,0.11,0.96
-1.78,0.34,-1.04,1.19,-1.61,-0.46,6.56,0.0,-0.13,0.13,0.22,-2.75,-0.08
-1.34,0.0,-1.82,0.73,0.0,0.0,0.0,0.0,0.41,1.03,1.16,-1.55,-0.63
-1.32,0.0,-2.37,0.0,0.0,0.0,0.0,0.0,0.0,0.0,0.0,0.0,0.0
0.18,0.0,0.62,0.0,0.0,0.0,0.0,0.0,0.0,0.0,0.0,-0.75,0.0
1.61,-1.07,0.48,0.62,5.46,-0.01,0.43,0.0,-0.34,1.26,-0.26,-0.63,1.41
6.35,-0.42,3.85,-0.62,1.77,-0.04,2.45,0.0,-1.63,0.91,0.79,-0.07,-2.09
1.35,-0.61,0.47,0.0,-0.42,-0.07,13.56,0.0,1.57,-0.34,1.17,1.25,-0.14
-3.85,0.42,-1.36,-1.2,-0.19,0.25,8.72,0.0,-0.1,-1.57,0.27,-0.91,0.25
-5.0,0.01,-6.28,-0.51,0.2,0.27,4.47,0.0,-0.34,0.32,0.76,1.62,0.69
1.19,0.0,-1.39,0.0,0.0,0.0,0.0,0.0,0.0,0.0,0.0,0.0,0.0
-0.55,0.0,0.19,0.0,0.0,0.0,0.0,0.0,0.0,0.0,0.0,0.17,0.0
-0.49,0.8,3.98,1.37,0.16,-0.35,5.19,0.0,1.24,1.02,-0.74,-0.3,-0.26
-1.13,-0.16,-0.79,-1.02,-0.37,-0.46,11.99,0.0,0.81,-0.46,-0.67,0.12,-0.19
0.33,0.65,0.47,-0.37,-1.3,0.63,1.82,0.0,-2.16,0.02,-0.29,-0.33,-2.68
-3.21,0.39,-2.46,1.44,-0.11,-0.18,4.43,0.0,2.42,1.2,0.09,-3.12,0.51
-0.62,0.31,0.61,0.38,0.95,0.25,0.78,0.0,0.3,0.87,0.0,-0.38,0.74
2.91,0.0,1.68,0.0,0.0,0.0,0.0,0.0,0.0,0.0,0.0,0.0,0.0
-0.03,0.0,-0.28,0.0,0.0,0.0,0.0,0.0,0.0,0.0,0.0,0.2,0.0
1.82,0.9,3.29,-0.37,0.44,-0.06,-19.72,0.0,0.0,-0.88,0.0,0.11,-0.92
0.5,0.32,-0.27,0.46,0.76,0.89,-5.63,0.0,1.0,-0.22,0.0,-0.01,0.01
3.59,-0.53,2.63,-0.06,-0.27,-0.53,3.2,0.0,-2.66,-0.58,0.0,-0.93,1.67
-3.96,-0.3,-3.17,-1.35,1.22,0.52,3.37,0.0,0.31,-0.21,0.0,1.1,-1.26
0.62,-1.24,-0.56,0.59,-1.71,0.32,1.18,0.0,-1.32,-1.2,0.0,-1.57,1.73
-3.48,0.0,-1.64,0.0,0.0,0.0,0.0,0.0,0.0,0.0,0.0,0.0,0.0
2.89,0.0,4.93,0.0,0.0,0.0,0.0,0.0,0.0,0.0,0.0,0.0,0.0
-4.92,-0.83,-7.27,-0.23,-1.26,0.0,8.11,0.0,-1.94,0.0,2.14,0.87,-0.84
-4.08,0.6,-7.5,-0.68,-0.14,-0.14,3.83,0.0,-0.74,-1.46,-1.65,-1.01,0.59
-0.86,-0.13,-1.2,0.2,-0.21,-0.06,-2.18,0.0,0.21,0.74,1.26,-0.3,0.4
2.13,0.51,1.09,-1.09,0.09,0.79,-2.2,0.0,-0.35,-0.95,-0.49,1.64,1.75
-3.47,0.21,-5.09,0.62,0.09,-0.28,2.4,0.0,0.0,0.14,0.23,0.07,-0.42
3.27,0.0,6.97,0.0,0.0,0.0,0.0,0.0,0.0,0.0,0.0,0.0,0.0
0.68,0.0,3.05,0.0,0.0,0.0,0.0,0.0,0.0,0.0,0.0,1.91,0.0
1.56,0.27,1.03,-1.1,-0.01,-0.24,1.05,0.0,-0.48,-0.04,-0.7,0.83,0.84
-0.97,0.17,-0.29,0.03,-0.94,0.03,-1.34,0.0,1.08,1.11,0.05,0.01,1.32
3.84,0.37,0.51,0.54,0.04,0.52,-2.4,0.0,0.91,-1.23,-0.72,1.69,0.81
0.8,1.09,1.0,-0.81,0.95,-0.66,-3.56,0.0,-1.96,0.11,-0.18,0.54,1.75
-6.07,0.87,-6.42,0.03,1.1,0.03,-5.84,0.0,0.81,-0.72,-0.08,-0.93,0.71
-2.34,0.41,-3.96,0.0,-0.01,0.0,1.02,0.0,0.0,0.0,0.0,0.0,0.0
2.47,0.0,4.0,0.0,0.0,0.0,0.0,0.0,0.0,0.0,0.0,1.42,0.0
-0.37,0.04,-0.08,0.35,-0.73,0.11,-0.92,0.0,-0.97,-0.2,1.19,0.05,0.33
-1.26,0.49,-1.4,0.4,0.63,0.35,4.91,0.0,0.09,0.11,1.01,-0.18,0.34
1.9,1.32,1.69,0.26,0.02,0.3,-2.34,0.0,-1.4,0.86,0.59,-0.84,-0.76
-0.8,0.11,-2.43,-0.42,-1.1,0.03,-7.13,0.0,0.5,-0.28,-1.26,-1.03,-0.24
0.15,0.0,-0.09,1.04,0.0,0.0,0.0,0.0,-1.46,-0.31,0.17,0.31,1.33
3.99,0.0,3.92,0.0,0.0,0.0,0.0,0.0,0.0,0.0,0.0,0.0,0.0
4.96,0.0,3.67,0.0,0.0,0.0,0.0,0.0,0.0,0.0,0.0,1.96,0.0
0.4,-1.16,-0.04,-0.15,-1.43,0.19,-4.53,0.0,0.9,-0.14,-0.71,0.0,-0.13
-2.62,0.09,-4.55,0.5,-1.19,0.17,1.57,0.0,-0.04,0.32,-0.95,0.07,0.21
-3.46,-0.47,-0.61,-0.07,-0.3,-0.24,1.5,0.0,-1.16,0.89,-0.08,1.53,-0.25
9.35,1.4,11.04,-0.14,0.95,-0.33,0.5,0.0,0.18,0.56,0.55,2.17,-0.62
-8.2,-2.59,-10.09,-0.15,-2.76,-0.04,-5.61,0.0,2.03,0.63,-0.72,-0.13,0.76
-1.17,0.0,-3.42,0.0,0.0,0.0,0.0,0.0,0.0,0.0,0.0,0.0,0.0
4.71,0.0,3.44,0.0,0.0,0.0,0.0,0.0,0.0,0.0,0.0,0.35,0.0
-5.97,-0.56,-5.81,0.35,-0.49,-0.04,5.83,0.0,0.66,-0.65,0.99,-0.05,-1.12
-2.69,-0.72,-3.68,1.07,-1.23,0.0,-2.55,0.0,2.67,-0.29,0.54,-1.74,0.23
-2.3,0.28,-3.01,-0.62,0.78,-0.25,2.81,0.0,0.0,-0.19,-0.18,0.18,0.85
2.23,-0.02,0.63,-0.26,0.04,0.18,-4.77,0.0,-0.26,1.12,-0.4,1.06,0.51
-0.87,-0.22,-2.11,1.19,-0.91,-0.04,-0.59,0.0,0.29,-0.11,-0.41,-0.6,0.98
4.54,0.0,4.81,0.0,0.0,0.0,0.0,0.0,0.0,0.0,0.0,0.0,0.0
0.88,0.0,-0.68,0.0,0.0,0.0,0.0,0.0,0.0,0.0,0.0,-1.56,0.0
0.29,0.0,0.57,0.46,0.0,0.0,0.0,0.0,-0.26,-0.65,0.74,0.13,0.59
1.97,0.04,0.35,-0.4,-0.16,0.07,-3.64,0.0,-0.06,1.03,0.61,1.98,1.52
1.17,0.33,1.45,0.37,0.67,-0.2,-0.47,0.0,-2.19,0.51,-0.41,0.14,1.96
3.59,1.27,7.27,0.35,-0.11,0.21,-1.59,0.0,0.23,-1.02,-0.26,-0.36,0.42
-6.56,0.0,-1.94,0.0,0.0,0.0,0.0,0.0,-1.23,0.0,0.28,0.0,0.0
8.13,0.0,3.95,0.0,0.0,0.0,0.0,0.0,0.0,0.0,0.0,0.0,0.0
1.84,0.0,1.99,0.0,0.0,0.0,0.0,0.0,0.0,0.0,0.0,0.99,0.0
-0.65,0.43,-0.37,0.0,-0.38,0.0,-2.17,0.0,-0.02,-0.12,0.41,1.57,0.25
2.01,-1.37,2.82,-0.12,0.68,0.24,-4.64,0.0,-0.03,0.8,0.39,-0.25,-0.05
-2.08,0.17,-1.29,-0.04,0.04,-0.24,3.83,0.0,0.5,0.52,1.94,-2.1,-0.25
9.48,-0.28,4.35,0.44,0.42,-0.52,0.82,0.0,1.9,-0.17,0.0,0.18,0.57
4.7,0.13,2.08,-0.17,0.25,0.2,4.19,0.0,-0.11,0.17,0.0,1.12,-0.04
5.36,0.0,2.04,0.0,0.0,0.0,0.0,0.0,0.0,0.0,0.0,0.0,0.0
0.29,0.0,4.02,0.0,0.0,0.0,0.0,0.0,0.0,0.0,0.0,-1.14,0.0
1.64,0.8,2.4,0.35,-0.79,-0.41,-1.48,0.0,-0.08,-0.38,-1.91,-0.18,0.07
-1.13,-0.71,-1.69,1.68,0.12,0.0,-4.58,0.0,0.01,0.03,1.29,0.74,0.29
-1.04,0.15,0.04,0.32,0.71,0.24,-0.9,0.0,0.35,2.11,-0.93,1.82,0.22
-0.78,0.0,-1.47,-0.06,0.0,0.0,0.0,0.0,2.19,0.13,0.55,-1.51,0.45
0.93,0.37,2.4,-0.05,0.5,0.0,0.34,0.0,-0.26,-0.6,1.27,0.95,0.59
-0.64,0.0,2.25,0.0,0.0,0.0,0.0,0.0,0.0,0.0,0.0,0.0,0.0
0.91,0.0,3.38,0.0,0.0,0.0,0.0,0.0,0.0,0.0,0.0,0.72,0.0
-0.94,0.64,-0.57,0.47,1.04,-0.24,5.22,0.0,-0.28,-0.48,0.97,-0.21,0.01
0.45,0.59,-0.74,0.72,-1.55,0.45,-0.02,0.0,-0.04,0.58,0.42,0.21,-1.37
0.23,0.0,1.71,0.43,0.0,0.0,0.0,0.0,0.86,0.96,1.56,3.34,-0.22
4.16,0.71,5.11,-1.2,-0.25,0.11,-1.36,0.0,1.21,-1.37,1.28,0.76,-0.44
-0.45,0.57,-0.67,0.65,0.35,-0.25,-2.36,0.0,-0.69,-0.09,1.44,1.05,-0.05
3.45,0.0,6.03,0.0,0.0,0.0,0.0,0.0,0.0,0.0,0.0,0.0,0.0
1.09,0.0,0.26,0.0,0.0,0.0,0.0,0.0,0.0,0.0,0.0,-0.14,0.0
1.34,-1.4,0.56,0.11,-1.59,0.01,-1.59,0.0,2.89,0.57,3.23,0.58,-0.06
4.05,-0.16,2.76,0.68,0.29,0.58,3.98,0.0,0.09,0.06,-1.02,-2.55,0.53
2.15,-0.59,-0.21,-0.26,-0.35,-0.2,-2.4,0.0,2.06,0.82,-1.46,-2.12,-0.68
2.91,0.36,2.19,0.76,-0.04,-1.12,2.08,0.0,-0.11,0.23,-0.64,-2.47,-0.79
0.91,0.92,3.08,0.02,0.28,-0.15,-1.77,0.0,-0.53,-0.32,-1.48,1.01,0.87
0.27,0.0,0.53,0.0,0.0,0.0,0.0,0.0,0.0,0.0,0.0,0.0,0.0
-0.99,0.0,-0.29,0.0,0.0,0.0,0.0,0.0,0.0,0.0,0.0,-2.35,0.0
-0.44,-0.31,-0.55,0.34,-1.35,-0.22,1.07,0.0,0.0,1.07,-1.83,0.92,0.05
0.26,0.7,0.22,-0.21,-0.85,0.0,6.26,0.0,0.54,1.25,-0.92,1.36,0.21
1.18,0.0,0.93,-0.31,0.0,0.0,0.0,0.0,0.41,-1.61,0.0,2.26,0.66
-0.85,-0.16,-2.56,0.5,-0.32,-0.14,1.68,0.0,-0.76,-0.06,0.0,1.3,-0.07
-0.82,1.15,1.09,0.08,0.93,0.1,-9.92,0.0,0.0,0.76,0.0,-0.23,0.36
3.02,0.0,2.7,0.0,0.0,0.0,0.0,0.0,0.0,0.0,0.0,0.0,0.0
-0.21,0.0,-0.48,0.0,0.0,0.0,0.0,0.0,0.0,0.0,0.0,1.98,0.0
0.74,-0.73,0.02,1.16,0.58,-0.14,-0.34,0.0,0.0,-0.07,0.14,-0.34,-0.79
4.7,1.65,2.25,0.4,0.66,0.08,2.69,0.0,0.61,0.53,3.03,-0.53,0.38
-0.37,-0.28,-0.76,2.2,-0.55,0.21,13.09,0.0,0.11,0.08,1.8,1.4,-0.4
0.49,1.27,-0.41,-0.32,2.78,0.24,-3.55,0.0,0.77,0.29,0.53,1.1,0.32
0.84,-2.01,-3.02,0.71,-4.16,-0.03,-3.21,0.0,-1.34,0.22,-2.68,-1.02,0.85
-4.87,0.0,-5.84,0.0,0.0,0.0,0.0,0.0,0.0,0.0,0.0,0.0,0.0
-0.27,0.0,-0.61,0.0,0.0,0.0,0.0,0.0,0.0,0.0,0.0,0.12,0.0
0.11,-0.03,-0.79,-0.09,-3.38,-0.42,8.29,0.0,0.03,1.23,-0.47,-0.3,-1.08
0.86,1.0,0.89,1.13,0.68,0.18,-1.17,0.0,-0.8,0.88,0.43,-0.8,-1.31
-3.45,-0.37,-2.43,-0.98,-0.58,-0.18,-1.37,0.0,-0.08,-0.56,-2.09,3.01,0.28
-0.87,-1.72,-2.22,-0.18,-0.24,-0.15,-6.7,0.0,1.62,-0.37,0.27,-1.26,1.02
1.49,-0.3,3.05,-0.57,-0.16,-0.19,11.11,0.0,1.4,0.08,0.15,2.01,0.23
1.83,0.72,1.54,0.0,1.15,0.0,-1.54,0.0,0.0,0.0,0.0,0.0,0.0
-2.58,0.0,-4.05,0.0,0.0,0.0,0.0,0.0,0.0,0.0,0.0,-4.07,0.0
0.04,0.0,2.15,0.85,0.0,0.0,0.0,0.0,-0.03,-0.07,-0.16,-0.24,-0.31
-7.58,0.82,-3.59,-0.6,0.31,-0.44,5.23,0.0,-0.4,0.57,0.31,2.28,0.09
-0.6,0.33,1.41,0.04,-1.6,0.21,2.6,0.0,-0.79,-0.15,-0.54,-1.03,-0.86
1.08,0.32,10.11,-0.41,-0.09,0.0,-1.56,0.0,0.91,1.41,0.2,3.64,0.11
-1.77,0.22,0.59,0.49,0.06,0.06,-2.21,0.0,1.5,0.18,-1.42,-2.02,0.12
6.91,0.0,4.93,0.0,0.0,0.0,0.0,0.0,0.0,0.0,0.0,0.0,0.0
-0.09,0.0,-0.85,0.0,0.0,0.0,0.0,0.0,0.0,0.0,0.0,0.87,0.0
-0.43,-0.89,-1.22,-0.23,-1.6,0.14,-1.49,0.0,1.77,0.0,-0.85,-0.95,-0.88
0.0,0.26,0.04,0.58,1.06,0.14,6.59,0.0,2.01,-0.34,-0.43,-2.71,-0.24
3.08,0.88,2.62,-1.43,-0.54,0.28,-5.25,0.0,1.16,-0.8,0.17,-1.6,0.06
-4.69,-0.26,-6.19,-0.2,-0.28,-0.43,-5.44,0.0,0.27,-0.57,-0.43,1.98,-0.11
1.72,-0.27,0.14,0.16,-1.54,0.03,-3.31,0.0,-0.53,-0.28,0.68,0.49,-0.59
4.52,0.0,3.07,0.0,0.0,0.0,0.0,0.0,0.0,0.0,0.0,0.0,0.0
0.32,0.0,-0.43,0.0,0.0,0.0,0.0,0.0,0.0,0.0,0.0,-0.53,0.0
0.15,0.21,-0.33,-0.31,-0.35,0.31,-0.68,0.0,-0.22,0.04,1.38,0.3,0.51
-1.19,0.16,-1.93,0.15,1.14,-0.07,1.22,0.0,-0.42,0.14,0.54,-0.68,0.57
-1.99,0.56,-1.44,-0.07,0.98,0.06,-4.21,0.0,1.13,0.42,-0.68,1.86,0.1
2.2,0.74,6.63,-0.2,0.91,0.18,-2.68,0.0,0.16,0.17,0.14,0.37,0.37
-2.44,0.51,-1.79,-0.03,0.36,0.0,6.0,0.0,0.26,1.03,-0.13,0.56,0.8
1.39,0.0,0.35,0.0,0.0,0.0,0.0,0.0,0.0,0.0,0.0,0.0,0.0
-1.67,0.0,-1.95,0.0,0.0,0.0,0.0,0.0,0.0,0.0,0.0,0.32,0.0
-0.59,0.58,-0.67,0.32,0.88,0.25,7.08,0.0,0.09,-1.47,0.0,2.46,-0.54
0.23,0.89,3.78,-0.62,-0.17,-0.14,-0.36,0.0,-1.59,0.59,0.57,1.77,0.65
0.47,-2.04,1.7,0.23,-0.12,-0.43,-4.79,0.0,1.37,0.45,-1.03,-3.76,0.44
3.32,0.08,1.14,0.2,0.99,-0.9,4.2,0.0,1.41,-0.01,0.05,0.2,-0.85
-0.94,0.04,-1.86,-0.14,0.5,-0.22,-0.23,0.0,-0.64,0.26,-0.4,-0.04,0.45
3.12,0.0,0.99,0.0,0.0,0.0,0.0,0.0,0.0,0.0,0.0,0.0,0.0
-2.14,0.0,-1.44,0.0,0.0,0.0,0.0,0.0,0.0,0.0,0.0,2.1,0.0
0.82,0.0,0.39,-0.08,0.0,0.0,0.0,0.0,0.87,1.37,-0.56,0.4,2.37
-2.55,0.89,-4.11,0.37,0.26,-0.08,5.88,0.0,-0.73,0.46,-0.33,-3.65,-0.09
0.33,1.19,2.45,1.11,0.18,0.21,6.55,0.0,0.25,0.0,-1.15,-1.59,-1.1
3.37,0.33,2.57,-0.21,0.37,0.41,2.11,0.0,0.16,0.39,0.4,-2.04,-1.23
0.56,-0.47,-0.98,0.68,-0.04,-0.17,-5.09,0.0,1.5,0.41,0.74,0.52,0.17
-5.79,0.0,-5.4,0.0,0.0,0.0,0.0,0.0,0.0,0.0,0.0,0.0,0.0
0.17,0.0,0.5,0.0,0.0,0.0,0.0,0.0,0.0,0.0,0.0,-1.67,0.0
-1.03,0.36,-0.76,0.86,-0.74,-0.19,-0.35,0.0,-1.68,0.8,0.11,-2.63,0.27
2.05,-0.01,0.11,-0.08,0.16,-0.12,2.31,0.0,-1.76,-0.39,-0.09,1.33,-0.51
-1.11,0.15,5.48,0.82,-1.92,-0.26,-1.6,0.0,2.04,-0.06,-0.11,1.95,-1.99
-0.68,0.5,-2.61,0.27,0.17,0.15,-7.77,0.0,-1.37,-0.54,-1.67,-0.69,1.73
4.97,0.79,2.22,0.52,-1.5,0.37,2.1,0.0,-0.6,0.59,-0.29,0.66,-0.43
5.05,0.0,2.31,0.0,0.0,0.0,0.0,0.0,0.0,0.0,0.0,0.0,0.0
1.3,0.0,1.29,0.0,0.0,0.0,0.0,0.0,0.0,0.0,0.0,-1.53,0.0
1.99,1.84,3.72,-0.15,1.51,-0.29,3.58,0.0,-0.17,0.38,0.06,-0.47,0.18
2.59,0.69,1.74,-0.4,0.71,0.01,4.93,0.0,0.5,-0.09,0.26,-1.26,1.35
-0.38,0.48,1.11,0.25,0.81,0.26,-2.42,0.0,-0.26,0.1,-0.56,0.04,0.58
0.09,0.88,-0.95,0.21,0.58,0.08,-0.14,0.0,-0.12,0.0,0.23,1.78,0.51
1.54,0.55,1.03,0.46,-0.18,-0.3,4.37,0.0,-0.53,-0.2,-0.3,0.17,0.1
-0.54,0.0,-1.7,0.0,0.0,0.0,0.0,0.0,0.0,0.0,0.0,0.0,0.0
-0.89,0.0,-0.98,0.0,0.0,0.0,0.0,0.0,0.0,0.0,0.0,3.9,0.0
0.18,0.01,0.12,-0.24,-0.19,0.23,7.46,0.0,0.52,0.06,-0.68,-4.27,-0.43
1.14,0.07,0.91,0.04,-0.08,0.55,0.13,0.0,0.29,0.41,0.6,-2.02,1.07
-0.31,0.01,-0.06,0.89,0.66,-0.28,-4.64,0.0,-0.1,-0.2,-0.79,-0.52,-0.14
4.46,0.27,6.64,-0.3,-0.05,0.1,-3.0,0.0,-0.59,0.74,-0.01,2.09,-0.04
-4.38,-0.14,-4.3,0.55,-0.88,-0.8,0.7,0.0,0.48,0.13,0.46,-0.53,1.11
0.27,0.0,0.52,0.0,0.0,0.0,0.0,0.0,0.0,0.0,0.0,0.0,0.0
2.15,0.0,2.51,0.0,0.0,0.0,0.0,0.0,0.0,0.0,0.0,2.27,0.0
-0.07,0.04,0.05,1.41,1.51,-0.23,2.71,0.0,0.0,0.12,0.11,-0.05,-0.18
1.2,0.48,-0.05,0.83,0.19,0.43,1.55,0.0,-0.28,0.16,-0.71,-2.06,0.86
-4.52,0.0,-4.72,-0.75,0.0,0.0,0.0,0.0,2.52,1.91,0.55,-4.75,0.47
6.54,1.09,4.03,1.21,0.33,0.04,4.6,0.0,0.34,-0.08,0.31,-0.23,-1.09
-2.55,-0.27,-3.66,0.6,-0.93,-0.19,-0.47,0.0,0.05,1.56,0.25,0.1,0.43
-1.58,0.0,0.47,0.0,0.0,0.0,0.0,0.0,0.0,0.0,0.0,0.0,0.0
-0.23,0.0,-0.43,0.0,0.0,0.0,0.0,0.0,0.0,0.0,0.0,-2.03,0.0
-0.41,0.6,-1.17,-0.13,0.6,-0.34,0.72,0.0,-0.24,-0.81,-0.47,2.0,-0.95
1.64,0.16,-2.0,-0.38,0.4,-0.16,1.14,0.0,1.49,0.1,0.03,-0.6,-0.47
2.98,-0.19,12.22,0.12,-1.69,-0.07,-0.5,0.0,-0.33,0.28,-0.16,-1.61,-0.73
0.6,0.38,0.18,1.9,0.92,-0.49,-1.38,0.0,-1.34,0.18,-0.04,-2.31,0.34
1.1,0.15,-0.79,0.75,-0.04,0.1,0.79,0.0,2.37,0.94,0.91,-0.88,0.17
0.06,0.0,0.46,0.0,0.0,0.0,0.0,0.0,0.0,0.0,0.0,0.0,0.0
-0.13,0.0,1.97,0.0,0.0,0.0,0.0,0.0,0.0,0.0,0.0,1.84,0.0
1.0,0.93,1.28,0.81,-0.47,-0.24,2.04,0.0,1.1,1.89,0.71,-1.87,-0.03
-0.61,0.64,1.78,0.35,0.9,0.24,-1.74,0.0,2.41,1.05,-0.45,1.77,-0.66
-1.39,0.95,-2.51,-0.87,0.59,-0.2,-8.07,0.0,0.53,0.65,0.14,-2.87,-0.49
2.23,-0.42,1.73,-0.59,-0.47,0.31,1.88,0.0,-0.95,1.2,-0.09,-1.88,1.06
0.5,-0.15,0.34,0.2,0.21,-0.53,2.92,0.0,1.27,-0.48,0.12,-0.85,0.26
-0.14,0.0,0.78,0.0,0.0,0.0,0.0,0.0,0.0,0.0,0.0,0.0,0.0
1.3,0.0,1.06,0.0,0.0,0.0,0.0,0.0,0.0,0.0,0.0,-0.93,0.0
0.53,0.36,-0.19,0.58,-0.13,0.23,5.36,0.0,-2.14,-1.18,0.99,2.33,0.48
-0.74,1.25,-1.31,0.42,0.23,-0.05,-7.03,0.0,0.67,-1.43,0.48,0.09,-0.13
-0.99,-1.24,0.9,-1.61,-0.04,0.22,3.69,0.0,0.2,0.73,0.4,1.76,-0.43
1.71,-0.73,0.12,-0.38,-0.25,0.34,3.74,0.0,-0.83,-0.17,0.78,-0.97,0.37
2.65,-1.89,1.2,-1.12,-0.47,-0.07,0.81,0.0,-0.54,-1.26,-1.47,-0.27,1.34
10.2,0.0,6.04,0.0,0.0,0.0,0.0,0.0,0.0,0.0,0.0,0.0,0.0
0.24,0.0,2.11,0.0,0.0,0.0,0.0,0.0,0.0,0.0,0.0,5.07,0.0
0.8,-0.57,1.56,0.06,-2.08,0.18,-0.73,0.0,0.0,-0.85,-0.74,0.37,1.28
3.31,-0.22,2.37,0.33,-0.01,0.25,-0.62,0.0,-1.91,-1.34,-1.74,-3.32,0.19
1.42,-0.72,0.21,-1.48,-0.31,-0.07,2.52,0.0,0.01,-0.01,-0.8,-0.52,-0.63
-0.29,0.0,-0.1,-0.06,0.0,0.0,0.0,0.0,1.2,1.06,0.32,0.74,3.37
-0.37,0.44,-2.16,-0.11,-0.08,-0.6,-3.39,0.0,-2.03,-0.5,-0.46,3.48,-0.26
4.96,0.0,2.69,0.0,0.0,0.0,0.0,0.0,0.0,0.0,0.0,0.0,0.0
1.15,0.0,0.17,0.0,0.0,0.0,0.0,0.0,0.0,0.0,0.0,0.0,0.0
-0.04,-0.02,0.18,2.25,-0.43,-0.47,4.26,0.0,-0.55,-0.62,-0.64,0.0,0.73
0.38,-0.15,0.81,-0.77,0.49,0.64,0.0,0.0,1.75,0.43,0.94,0.0,-0.04
-0.43,0.09,-1.73,1.09,0.02,1.73,-3.35,0.0,0.6,0.52,0.12,0.0,1.56
-1.88,0.6,-0.05,0.0,1.6,-0.33,-2.53,0.0,2.43,0.63,-0.7,0.0,0.67
-0.69,1.03,-0.77,0.1,0.2,0.04,-1.14,0.0,-0.26,1.18,-0.44,0.0,-0.06
-1.22,0.0,-3.25,0.0,0.0,0.0,0.0,0.0,0.0,0.0,0.0,0.0,0.0
-0.14,0.0,-0.04,0.0,0.0,0.0,0.0,0.0,0.0,0.0,0.0,0.0,0.0
0.09,-0.98,-0.73,-1.02,0.48,0.35,10.68,0.0,1.8,-0.13,0.1,-0.02,-0.1
1.92,0.55,2.11,-0.89,-0.8,-0.39,-5.85,0.0,-2.28,0.81,0.16,-1.78,-0.25
-1.37,0.41,-2.15,0.31,0.47,0.91,-6.13,0.0,-1.64,-1.37,-0.43,-5.68,-1.13
1.32,-0.74,-0.59,0.72,1.58,0.38,-1.12,0.0,-0.31,0.01,-0.54,0.88,-0.87
-0.28,-0.24,-0.36,0.06,0.13,-0.06,2.93,0.0,-0.05,-0.27,1.55,-2.8,-0.54
-1.68,0.0,-4.05,0.0,0.0,0.0,0.0,0.0,0.0,0.0,0.0,0.0,0.0
3.75,0.0,3.71,0.0,0.0,0.0,0.0,0.0,0.0,0.0,0.0,0.34,0.0
0.2,0.71,0.19,-0.92,0.21,0.0,-10.68,0.0,-1.54,0.0,-0.77,-1.06,-1.36
-0.42,-0.97,0.9,-0.95,-1.65,0.2,10.68,0.0,0.18,0.59,-0.52,-2.29,-0.79
2.49,0.38,3.4,-0.13,0.92,-0.24,3.58,0.0,-1.11,0.02,-0.03,3.59,-0.48
0.56,0.0,0.28,-1.48,0.13,0.06,2.61,0.0,0.85,-1.47,0.26,0.92,0.28
-0.32,0.06,0.34,0.78,-0.27,-0.13,2.25,0.0,-0.52,0.4,-0.28,-1.02,-0.52
0.2,0.0,0.51,0.0,0.0,0.0,0.0,0.0,0.0,0.0,0.0,0.0,0.0
-1.23,0.0,-0.84,0.0,0.0,0.0,0.0,0.0,0.0,0.0,0.0,0.25,0.0
-0.01,-0.27,0.05,-0.07,0.37,0.8,-1.46,0.0,-1.37,-0.23,0.11,0.68,-0.07
0.04,-0.84,0.57,-1.14,0.26,-0.99,-2.79,0.0,-0.66,-1.64,-0.45,0.57,-0.11
-2.05,-0.92,-2.36,0.36,-0.88,-0.43,2.7,0.0,-0.87,-0.94,-0.18,-1.66,0.5
-0.31,-0.32,-1.27,1.33,0.77,-0.08,-0.62,0.0,1.1,-0.22,0.84,-0.44,0.69
1.67,0.37,0.38,-0.44,-1.24,0.14,-3.67,0.0,1.41,0.07,-0.18,0.98,0.21
0.88,0.0,0.88,0.0,0.0,0.0,0.0,0.0,0.0,0.0,0.0,0.0,0.0
-0.12,0.0,-0.72,0.0,0.0,0.0,0.0,0.0,0.0,0.0,0.0,-0.34,0.0
-0.15,0.44,-0.42,-0.28,-0.23,0.36,-4.31,0.0,0.0,-1.22,0.0,0.53,-0.36
0.29,0.38,0.91,0.4,0.31,-0.51,1.18,0.0,-0.21,0.84,0.0,2.11,-0.44
1.15,-1.07,1.17,0.38,-1.47,0.0,3.02,0.0,0.95,0.12,-1.13,-0.16,0.2
1.5,0.93,0.95,-0.41,0.89,0.06,5.26,0.0,-0.43,-0.57,0.12,1.74,-0.07
2.65,0.58,2.62,-0.72,0.25,0.03,-0.85,0.0,-1.16,0.67,-0.71,0.36,0.15
-2.61,0.0,-4.05,0.0,0.0,0.0,0.0,0.0,0.0,0.0,0.0,0.0,0.0
-0.24,0.0,-1.11,0.0,0.0,0.0,0.0,0.0,0.0,0.0,0.0,-0.35,0.0
-0.03,0.57,-0.05,-0.25,-0.64,0.4,1.83,0.0,0.0,0.14,1.4,0.58,-0.5
-1.3,0.18,-0.71,-0.06,0.66,0.13,-1.27,0.0,-0.75,-0.32,0.43,-1.1,-0.64
1.91,0.43,0.91,-0.34,0.23,-0.26,-1.35,0.0,0.62,-0.7,-0.55,0.95,-0.03
-0.13,0.58,-0.08,-0.42,-0.14,0.07,-3.54,0.0,0.3,-0.42,0.04,1.17,-0.05
-0.13,0.86,0.24,-0.26,-0.01,0.03,-5.78,0.0,0.7,0.18,1.2,-0.06,-0.13
-0.57,0.0,-0.33,0.0,0.0,0.0,0.0,0.0,0.0,0.0,0.0,0.0,0.0
0.39,0.0,-0.07,0.0,0.0,0.0,0.0,0.0,0.0,0.0,0.0,-0.24,0.0
0.26,-0.28,0.49,0.76,-1.06,-0.39,2.22,0.0,0.28,-0.16,1.13,2.88,0.26
-0.52,0.24,-1.02,1.36,0.23,0.18,-3.48,0.0,0.88,0.38,0.0,2.4,0.91
-4.99,0.0,-3.48,0.1,0.0,0.0,0.0,0.0,0.33,1.45,0.0,0.31,0.27
-1.53,0.32,-1.41,-0.81,-1.16,-0.01,-1.39,0.0,0.18,0.63,0.0,1.59,-0.15
6.14,0.31,4.63,0.15,-0.31,-0.33,2.61,0.0,1.73,0.67,0.0,-0.17,0.16
0.07,0.0,-0.31,0.0,0.0,0.0,0.0,0.0,0.0,0.0,0.0,0.0,0.0
0.32,0.0,0.68,0.0,0.0,0.0,0.0,0.0,0.0,0.0,0.0,0.14,0.0
-0.15,-0.62,-0.4,0.84,-0.69,-0.03,3.27,0.0,-2.05,-1.35,0.0,1.41,0.89
-0.46,-0.13,-0.43,0.28,0.28,0.08,-0.23,0.0,0.87,1.1,-0.59,0.38,0.19
-0.98,0.27,-1.13,-0.35,0.32,-0.5,-0.17,0.0,0.48,-0.28,0.12,-1.31,0.3
1.52,0.32,2.79,-1.32,0.12,0.57,-1.78,0.0,0.92,0.69,-1.34,-0.6,-0.04
-0.33,0.57,-2.0,-0.1,0.31,0.15,-1.5,0.0,0.37,-0.01,0.88,-0.62,-0.15
-0.25,0.0,-1.05,0.0,0.0,0.0,0.0,0.0,0.0,0.0,0.0,0.0,0.0
0.35,0.0,0.93,0.0,0.0,0.0,0.0,0.0,0.0,0.0,0.0,-0.2,0.0
0.18,-0.27,0.51,-0.96,0.45,0.62,-0.8,0.0,0.0,-0.77,-1.24,1.41,-0.52
-2.19,-0.32,-1.34,0.21,-0.37,-0.33,0.95,0.0,-0.55,-0.76,-1.0,1.02,-0.33
-7.28,0.18,-6.85,-1.43,0.77,0.14,1.08,0.0,-0.44,-1.16,0.43,-2.26,-0.28
-1.61,-0.21,-1.16,1.55,1.25,-0.4,4.1,0.0,-1.46,0.58,-0.82,-1.59,0.07
-0.79,-0.48,-0.9,0.66,-1.38,0.06,1.07,0.0,0.56,-0.11,-0.07,-0.64,-0.13
0.43,0.0,0.26,0.0,0.0,0.0,0.0,0.0,0.0,0.0,0.0,0.0,0.0
-0.44,0.0,-0.5,0.0,0.0,0.0,0.0,0.0,0.0,0.0,0.0,-0.22,0.0
0.02,-0.35,0.06,-1.12,-0.61,-0.01,2.33,0.0,-1.27,0.03,-0.34,0.22,-0.53
-0.1,0.3,-0.19,0.11,-0.53,0.56,-1.63,0.0,0.84,-0.7,-2.01,-1.6,-0.6
-0.44,-0.05,-0.16,0.66,-0.13,-0.03,2.0,0.0,-0.53,-0.42,0.31,1.8,-0.27
-0.67,0.37,-0.05,-0.73,0.91,-0.22,5.01,0.0,0.38,0.9,-0.49,0.41,0.41
1.96,0.69,1.48,-1.61,-0.21,0.15,-5.48,0.0,0.19,-0.53,-0.25,-0.67,0.01
0.42,0.0,-0.06,0.0,0.0,0.0,0.0,0.0,0.0,0.0,0.0,0.0,0.0
0.05,0.0,-0.34,0.0,0.0,0.0,0.0,0.0,0.0,0.0,0.0,0.41,0.0
-0.13,-0.51,0.34,-1.43,-0.69,0.58,-0.82,0.0,0.1,-0.25,-0.59,1.01,-0.54
-0.29,-1.12,-0.31,0.11,0.7,0.34,9.68,0.0,-1.68,-1.38,0.23,2.54,-1.02
0.05,-0.05,-0.23,0.43,-0.38,-0.06,-1.25,0.0,-2.3,-0.27,0.58,-3.04,0.25
-1.81,0.65,-1.81,2.33,-0.92,0.41,2.74,0.0,0.92,0.15,-0.89,0.73,0.73
1.64,0.16,0.97,-1.03,0.57,0.0,-3.59,0.0,1.26,0.99,0.0,1.55,-1.38
-0.17,0.0,-0.3,0.0,0.0,0.0,0.0,0.0,0.0,0.0,0.0,0.0,0.0
-0.24,0.0,-1.0,0.0,0.0,0.0,0.0,0.0,0.0,0.0,0.0,-0.35,0.0
0.13,-0.31,0.34,0.19,-0.52,-0.23,0.53,0.0,0.0,-0.64,0.46,1.31,0.38
0.32,0.47,0.69,-0.19,0.59,0.06,2.1,0.0,-0.4,-0.02,1.84,0.77,0.52
-0.44,0.19,-0.57,0.4,-0.47,0.16,-12.1,0.0,0.68,0.28,-0.2,-0.35,-0.29
0.42,-0.22,0.77,0.26,-0.91,0.2,1.46,0.0,-0.04,0.4,-0.26,0.53,-0.48
0.17,-0.84,0.41,-0.17,-3.67,-0.23,-2.55,0.0,-0.06,0.03,2.13,2.97,-0.39
-3.02,0.0,-2.05,0.0,0.0,0.0,0.0,0.0,0.0,0.0,0.0,0.0,0.0
1.0,0.0,1.21,0.0,0.0,0.0,0.0,0.0,0.0,0.0,0.0,-0.27,0.0
-0.38,0.5,-1.35,0.3,1.18,-0.21,1.59,0.0,1.23,-0.68,-0.11,1.26,-0.07
0.34,0.46,0.03,-0.98,-0.42,0.25,-0.94,0.0,-0.57,0.24,-0.06,0.88,1.23
-0.36,0.02,0.14,0.19,0.04,-0.66,3.49,0.0,-1.23,0.71,-0.92,-0.74,-0.01
0.14,0.63,-0.47,0.72,0.18,0.32,5.92,0.0,1.24,0.39,0.03,2.14,-0.27
-0.91,0.0,-0.71,1.72,0.0,0.0,0.0,0.0,0.32,-0.1,-0.37,-0.91,0.16
-0.32,0.0,-0.58,0.0,0.0,0.0,0.0,0.0,0.0,0.0,0.0,0.0,0.0
-0.18,0.0,-0.46,0.0,0.0,0.0,0.0,0.0,0.0,0.0,0.0,-0.49,0.0
-0.09,0.84,-0.34,0.71,0.84,-0.76,-2.33,0.0,-0.09,0.85,-0.87,-2.44,1.3
-3.65,-0.06,-3.33,0.47,-0.71,-0.14,0.02,0.0,1.49,0.74,0.04,1.78,0.36
3.55,0.0,7.1,0.32,0.0,0.0,0.0,0.0,-0.81,0.67,1.26,1.4,0.04
-0.77,-0.06,-0.34,-2.93,-0.4,0.17,-0.7,0.0,0.04,0.24,-0.78,2.29,0.71
0.68,0.56,-0.11,-0.92,1.05,0.59,-3.93,0.0,-0.61,-0.29,0.55,-0.6,-0.34
0.82,0.0,0.94,0.0,0.0,0.0,0.0,0.0,0.0,0.0,0.0,0.0,0.0
-0.4,0.0,-0.13,0.0,0.0,0.0,0.0,0.0,0.0,0.0,0.0,-0.15,0.0
-0.19,-0.07,-0.3,-0.16,-1.54,-0.2,-0.61,0.0,-1.17,-0.79,0.22,2.58,-0.4
1.45,-0.77,1.22,-0.02,-2.14,0.03,-2.6,0.0,-1.7,-0.2,-0.28,-0.14,0.19
-1.97,0.58,-3.25,1.02,0.05,0.1,-0.36,0.0,-0.25,0.12,-0.54,1.24,0.1
-0.83,0.25,-1.33,0.23,2.07,0.77,1.56,0.0,-0.98,0.0,-0.69,1.4,0.6
-1.23,0.18,-0.99,0.92,-0.04,-0.1,1.39,0.0,1.7,1.23,0.04,-0.45,0.04
1.74,0.0,0.93,0.0,0.0,0.0,0.0,0.0,0.0,0.0,0.0,0.0,0.0
0.1,0.0,0.68,0.0,0.0,0.0,0.0,0.0,0.0,0.0,0.0,-0.04,0.0
0.37,0.58,-0.48,0.58,0.86,-0.04,6.85,0.0,-0.14,0.45,1.31,1.02,-0.31
0.09,0.92,4.42,0.21,0.64,-0.11,-0.8,0.0,0.12,-0.04,0.62,0.64,-0.49
1.22,0.7,1.31,-0.76,0.37,-0.17,1.02,0.0,2.02,1.15,-0.22,2.03,0.08
-1.99,0.6,-3.26,-0.42,-0.03,0.27,-5.42,0.0,-0.49,-0.45,0.0,-2.21,0.41
1.39,0.34,1.64,-0.47,0.4,0.11,1.42,0.0,-0.25,-0.77,1.23,-0.67,-0.97
-0.65,0.0,-2.1,0.0,0.0,0.0,0.0,0.0,0.0,0.0,0.0,0.0,0.0
-0.22,0.0,1.27,0.0,0.0,0.0,0.0,0.0,0.0,0.0,0.0,0.62,0.0
-0.48,-0.79,-0.9,-0.44,-0.48,0.09,-2.71,0.0,-1.45,0.37,-1.48,0.27,-0.19
2.64,-0.65,1.05,-0.74,-0.83,0.27,2.26,0.0,-0.92,-0.52,-1.31,-4.37,-0.73
-0.35,0.28,-0.93,0.68,0.02,-0.03,1.44,0.0,0.56,-0.47,-0.47,2.22,-0.37
5.97,0.33,5.48,-0.25,-0.27,0.36,-0.82,0.0,0.06,-0.37,-0.54,-0.53,-0.01
5.44,-0.26,3.14,0.65,-1.19,0.13,3.55,0.0,-1.0,1.22,0.63,-0.21,0.75
1.92,0.0,0.93,0.0,0.0,0.0,0.0,0.0,0.0,0.0,0.0,0.0,0.0
-0.66,0.0,-0.39,0.0,0.0,0.0,0.0,0.0,0.0,0.0,0.0,-0.21,0.0
0.66,0.77,0.57,0.72,0.96,-0.2,-2.17,0.0,0.66,0.08,0.74,1.17,-0.02
2.93,-0.18,3.06,0.62,-0.34,-0.33,-0.74,0.0,-0.05,0.69,-0.14,3.06,-0.69
1.84,0.21,0.97,-0.18,0.85,0.26,0.47,0.0,1.47,0.93,0.15,-0.92,-0.19
-3.08,0.77,-5.1,0.13,1.23,0.56,-1.2,0.0,1.8,0.11,-0.08,2.64,-0.36
0.09,0.31,-0.17,-0.08,0.28,0.07,1.12,0.0,0.52,0.62,0.55,-3.69,1.45
-0.08,0.0,-0.58,0.0,0.0,0.0,0.0,0.0,0.0,0.0,0.0,0.0,0.0
0.33,0.0,0.07,0.0,0.0,0.0,0.0,0.0,0.0,0.0,0.0,-0.48,0.0
-2.4,-0.28,-4.83,0.05,-1.63,-0.29,-1.22,0.0,1.97,-0.38,0.49,-0.73,-1.18
-0.08,-0.53,-0.29,-0.7,-1.34,0.19,-1.62,0.0,-0.85,0.24,0.08,-2.18,0.06
0.6,0.0,0.74,0.0,0.0,0.0,0.0,0.0,-1.82,0.0,-1.15,0.93,0.0
-3.26,0.78,-2.76,0.0,0.93,0.07,0.55,0.0,0.9,-0.2,0.07,-0.28,0.73
5.76,0.13,4.03,1.55,-0.17,-0.14,2.18,0.0,2.2,1.45,0.79,-1.93,-1.53
-5.07,0.0,-4.17,0.0,0.0,0.0,0.0,0.0,0.0,0.0,0.0,0.0,0.0
0.19,0.0,-0.11,0.0,0.0,0.0,0.0,0.0,0.0,0.0,0.0,2.02,0.0
-0.63,0.31,-0.79,0.94,-0.77,-0.31,0.11,0.0,1.21,0.99,0.0,2.61,0.79
1.59,0.32,2.43,-1.71,0.7,-0.19,-4.07,0.0,0.0,-0.61,-0.61,3.48,0.16
-1.46,-0.07,-0.63,0.0,1.14,0.3,-3.13,0.0,0.0,0.0,0.0,-2.62,0.0
-1.74,-0.2,-1.42,-0.66,0.41,-0.06,-0.31,0.0,0.0,0.0,0.09,-4.55,0.84
-0.15,0.11,0.42,-0.4,0.24,0.24,-2.34,0.0,0.0,1.3,0.28,-0.46,-0.18
-1.18,0.0,-0.83,0.0,0.0,0.0,0.0,0.0,0.0,0.0,0.0,0.0,0.0
4.52,0.0,4.29,0.0,0.0,0.0,0.0,0.0,0.0,0.0,0.0,0.43,0.0
0.55,0.47,0.12,1.59,-0.08,-0.37,3.34,0.0,0.84,0.88,0.35,1.45,0.31
0.89,0.9,1.22,0.14,2.12,0.44,-4.95,0.0,-1.41,-0.73,-0.11,-3.19,-0.85
0.56,0.27,0.32,-1.81,-0.68,-0.27,-4.52,0.0,0.3,-1.12,-1.28,0.5,-0.9
-3.28,-0.17,-2.92,-0.99,-0.51,0.3,4.03,0.0,1.03,0.0,-1.52,2.1,0.27
1.39,0.25,2.03,-0.22,-0.37,0.16,0.28,0.0,0.37,0.02,0.39,0.7,-0.36
0.36,0.0,0.68,0.0,0.0,0.0,0.0,0.0,0.0,0.0,0.0,0.0,0.0
-1.35,0.0,-0.81,0.0,0.0,0.0,0.0,0.0,0.0,0.0,0.0,0.0,0.0
0.87,0.62,0.41,0.64,-0.13,0.13,2.17,0.0,0.0,-0.14,-0.42,-0.1,0.94
0.2,0.31,0.63,1.02,0.53,-0.54,-3.85,0.0,0.39,0.94,0.4,-0.29,-1.19
-2.1,-0.44,-1.14,0.18,-1.28,0.09,-2.37,0.0,-0.89,1.19,-0.21,-0.87,-0.35
1.36,-0.42,-0.12,-0.02,-0.53,-0.4,-1.41,0.0,-0.42,-0.64,-0.6,2.97,-1.58
-0.55,-0.38,0.38,-0.03,0.51,-0.18,0.91,0.0,0.9,0.3,1.17,-1.05,0.47
0.98,0.0,0.99,0.0,0.0,0.0,0.0,0.0,0.0,0.0,0.0,0.0,0.0
0.53,0.0,0.25,0.0,0.0,0.0,0.0,0.0,0.0,0.0,0.0,1.94,0.0
-0.08,0.45,-0.68,0.19,1.48,-0.14,2.49,0.0,0.77,0.0,-1.12,-0.07,-0.22
-0.68,-0.04,0.7,0.07,1.2,-0.01,-2.74,0.0,1.6,-0.16,-0.29,-1.75,-0.69
-2.25,0.11,-2.51,-0.38,2.76,0.47,1.01,0.0,0.84,-0.17,-1.15,-2.1,-0.23
-0.11,0.31,-0.31,-0.59,0.27,0.04,3.19,0.0,0.73,0.45,-1.1,-0.98,0.63
-0.13,-0.06,-0.05,0.19,-0.02,-1.34,0.34,0.0,0.81,-0.46,1.81,0.84,0.24
-2.65,0.0,-1.26,0.0,0.0,0.0,0.0,0.0,0.0,0.0,0.0,0.0,0.0
-1.5,0.0,-1.34,0.0,0.0,0.0,0.0,0.0,0.0,0.0,0.0,2.18,0.0
-2.22,0.98,-4.86,1.25,0.62,-0.14,2.77,0.0,0.9,0.05,-0.48,0.06,-1.69
2.33,-0.82,6.19,-0.54,-0.24,0.27,4.79,0.0,0.02,1.85,0.0,3.82,0.59
-0.63,0.83,-1.45,0.36,0.83,-0.27,-0.91,0.0,-0.41,-0.72,0.0,2.26,1.13
1.24,-0.16,1.87,-1.48,1.4,0.08,-0.48,0.0,1.01,-0.7,0.0,-6.13,1.73
2.11,0.56,2.13,0.03,-0.23,-0.01,8.68,0.0,-0.71,-1.16,0.0,-5.26,-0.38
-4.02,0.94,-2.04,0.0,-0.47,0.0,-4.18,0.0,0.0,0.0,0.0,0.0,0.0
0.06,0.0,-2.04,0.0,0.0,0.0,0.0,0.0,0.0,0.0,0.0,-0.66,0.0
-0.3,0.56,0.88,0.24,-1.67,-1.03,-1.95,0.0,0.12,-0.04,0.0,-0.76,0.09
-0.52,0.27,-0.93,-0.69,0.82,-0.48,1.15,0.0,0.92,0.83,0.0,2.5,-0.08
3.7,0.17,2.29,-0.54,-0.37,-0.1,-1.26,0.0,1.4,1.96,0.82,0.51,-0.42
0.44,0.57,0.01,-0.15,0.07,0.08,0.32,0.0,0.15,-0.38,1.14,-3.72,0.45
2.87,-0.11,1.31,0.54,0.21,-0.36,-2.6,0.0,-0.71,-1.58,0.67,-1.7,0.3
-0.3,0.0,-1.08,0.0,0.0,0.0,0.0,0.0,0.0,0.0,0.0,0.0,0.0
-0.8,0.0,-0.63,0.0,0.0,0.0,0.0,0.0,0.0,0.0,0.0,1.14,0.0
2.01,0.04,1.3,-0.2,-1.54,0.25,-1.75,0.0,0.09,0.09,-0.02,-0.26,-1.07
-3.46,-0.27,-4.78,-0.01,-0.37,0.22,0.64,0.0,0.0,0.09,-0.32,1.05,0.56
-1.99,-0.05,0.35,0.6,-0.42,-0.15,-1.55,0.0,0.1,-0.6,-0.78,-2.24,-0.58
-5.16,-0.35,-7.96,-0.53,0.62,-0.04,3.0,0.0,-0.33,-0.01,-1.95,-2.58,0.51
3.22,0.09,1.38,0.63,0.29,0.11,-2.97,0.0,0.18,0.09,-0.09,0.17,-0.41
-2.89,0.0,-2.1,0.0,0.0,0.0,0.0,0.0,0.0,0.0,0.0,0.0,0.0
0.04,0.0,1.37,0.0,0.0,0.0,0.0,0.0,0.0,0.0,0.0,-2.01,0.0
-0.57,0.49,-0.45,0.67,-0.74,-0.74,2.48,0.0,-0.18,0.0,-0.68,-0.12,-1.8
0.28,0.54,4.37,0.02,0.62,-0.57,-2.42,0.0,0.51,0.33,0.23,0.52,1.24
1.68,0.22,4.98,0.55,-1.29,0.0,4.03,0.0,0.07,-0.21,1.42,-0.99,0.58
-1.07,0.33,1.41,0.26,-0.68,0.0,-4.95,-0.09,1.2,1.33,0.6,2.0,0.66
1.92,0.73,-1.07,-0.39,1.84,0.26,-1.37,0.11,0.26,-0.41,-0.27,2.02,-0.9
4.64,0.0,2.77,0.0,0.0,0.0,0.0,0.0,0.0,0.0,0.0,0.0,0.0
1.38,0.0,0.54,0.0,0.0,0.0,0.0,-0.13,0.0,0.0,0.0,-1.18,0.0
0.11,0.29,-0.78,0.1,-0.95,-0.34,-2.71,0.42,0.0,0.0,0.41,0.49,-0.61
-0.45,1.48,-0.47,-0.09,1.17,0.12,-5.08,-0.06,0.57,0.1,-0.05,-0.1,0.02
-0.49,0.0,-1.92,0.69,0.0,0.0,0.0,-0.01,1.05,0.36,-0.37,-0.52,1.81
0.03,0.95,2.05,1.28,1.94,-0.08,-9.75,0.0,0.42,-0.25,0.45,0.62,0.82
1.3,-0.35,3.3,1.51,-0.65,-0.37,-2.23,-0.9,0.17,-0.58,0.0,-0.04,-0.62
-1.41,0.0,0.88,0.0,0.0,0.0,0.0,0.0,0.0,0.0,0.0,0.0,0.0
-0.91,0.0,-1.42,0.0,0.0,0.0,0.0,0.01,0.0,0.0,0.0,6.38,0.0
-0.06,-0.13,-0.05,0.09,0.73,-0.12,1.35,0.0,-1.22,0.37,0.49,1.78,0.83
1.58,-0.86,1.56,0.82,-0.17,0.27,5.18,-0.05,-1.68,1.44,0.72,2.03,-0.49
-1.13,-0.39,0.02,-1.82,0.35,-0.27,-2.14,0.06,0.35,0.57,0.36,-1.14,0.88
3.99,0.33,1.16,0.27,0.56,0.03,-1.82,-0.18,0.52,1.42,0.65,1.0,-1.04
0.49,0.66,3.38,0.34,-1.94,-0.15,-5.78,0.1,0.93,-0.16,-0.16,4.79,-0.82
-3.02,0.0,-3.35,0.0,0.0,0.0,0.0,0.0,0.0,0.0,0.0,0.0,0.0
1.81,0.0,1.82,0.0,0.0,0.0,0.0,-0.02,0.0,0.0,0.0,0.65,0.0
0.05,-0.72,-0.4,1.51,2.61,-0.2,8.4,-0.02,-0.36,0.16,-0.19,-0.42,1.21
-3.0,0.61,-3.57,1.34,-0.49,0.18,-8.94,-0.03,1.33,0.56,-0.44,-0.76,1.52
3.85,0.11,4.59,-1.26,2.21,-0.86,-0.48,-0.06,0.15,0.3,-0.64,0.88,-1.95
-3.03,-0.29,-3.83,2.03,-1.49,-0.16,0.48,0.13,0.33,-1.65,0.64,2.73,-0.46
1.42,0.0,4.11,-3.46,0.0,0.0,0.0,-0.19,-0.13,1.3,0.31,1.67,3.59
-0.85,0.0,-2.65,0.0,0.0,0.0,0.0,0.0,0.0,0.0,0.0,0.0,0.0
3.88,0.0,1.18,0.0,0.0,0.0,0.0,0.03,0.0,0.0,0.0,-2.85,0.0
-1.74,-0.65,-1.71,2.02,-0.52,-0.24,0.02,0.02,-0.17,0.89,0.64,0.22,0.05
9.55,-1.52,6.9,-3.14,-0.42,0.55,20.89,0.18,1.93,-1.1,-0.48,-5.03,0.84
2.97,-0.85,1.47,-1.32,0.16,0.03,5.4,0.04,-1.42,1.76,0.73,-3.7,-0.58
-1.69,-0.76,-2.97,-0.05,-0.95,-0.19,2.21,-0.12,0.0,-0.7,-1.12,-3.25,2.43
2.43,0.29,1.57,0.22,0.01,-0.05,1.49,-0.25,1.2,1.65,0.55,0.6,2.02
9.64,0.0,5.93,0.0,0.0,0.0,0.0,0.0,0.0,0.0,0.0,0.0,0.0
7.46,0.0,7.42,0.0,0.0,0.0,0.0,-0.04,0.0,0.0,0.0,1.58,0.0
1.54,0.72,3.11,-0.81,0.56,-0.31,0.72,0.05,-0.8,-0.15,-0.72,-1.44,0.95
-1.01,1.29,-0.82,0.44,0.64,0.12,-6.09,-0.05,0.03,-1.45,1.2,-0.88,0.0
-6.21,-0.51,-6.17,1.28,-0.44,0.39,-0.19,0.08,-2.19,-1.85,-1.4,-4.05,-1.8
-2.19,1.0,-1.84,0.59,0.23,0.38,-7.31,0.17,-1.11,0.14,-0.22,1.44,-0.44
-0.95,-0.22,-0.26,-0.53,-0.3,-0.51,1.05,0.28,-1.67,-1.53,-0.06,0.0,1.03
-0.08,0.0,0.09,0.0,0.0,0.0,0.0,0.0,0.0,0.0,0.0,0.0,0.0
0.36,0.0,-0.15,0.0,0.0,0.0,0.0,0.12,0.0,0.0,0.0,-0.59,0.0
-0.03,0.0,-0.14,-0.23,0.0,0.0,0.0,-0.09,0.63,0.07,-1.11,2.49,-0.04
-4.73,-0.57,-4.76,1.66,-0.65,0.0,-2.19,0.45,0.48,1.61,-0.19,0.37,0.53
-0.75,-0.28,-1.12,-1.86,-0.26,0.51,-5.9,-0.02,0.25,0.76,0.54,1.29,0.54
2.21,-0.21,3.83,0.36,-0.14,0.28,-3.29,-0.04,1.11,-0.47,-0.05,1.23,0.36
-1.55,-1.44,-1.77,-0.18,-0.88,-0.24,11.28,-0.03,1.56,-0.3,0.0,-1.18,-0.65
-0.27,0.0,-0.48,0.0,0.0,0.0,0.0,0.0,0.0,0.0,0.0,0.0,0.0
1.69,0.0,2.94,0.0,0.0,0.0,0.0,-0.02,0.0,0.0,0.0,0.25,0.0
-0.11,-0.16,-0.84,-0.49,0.19,0.63,4.67,0.01,-0.06,0.31,1.0,1.11,-0.13
-3.11,-0.43,-2.56,-0.09,-0.16,-0.07,2.27,0.03,0.26,-1.05,0.66,2.26,-0.51
-1.03,-0.54,0.43,-0.52,-0.46,-0.33,1.51,-0.11,0.08,0.53,-0.28,-2.96,-0.37
-1.08,0.0,-0.97,0.4,0.0,0.0,0.0,0.08,-0.11,-0.16,-0.62,-1.37,-0.02
-1.57,0.32,-2.58,0.97,-0.84,0.07,0.23,-2.11,1.29,-2.0,-0.11,0.82,0.23
2.21,0.0,1.29,0.0,0.0,0.0,0.0,0.0,0.0,0.0,0.0,0.0,0.0
-1.33,0.0,-0.6,0.0,0.0,0.0,0.0,-1.96,0.0,0.0,0.0,0.22,0.0
0.24,0.0,-0.14,-0.06,0.0,0.0,0.0,-0.03,-1.34,-0.28,-0.47,-1.97,0.07
4.39,0.46,3.25,1.03,-1.21,0.04,-4.4,-0.08,-0.21,-1.38,0.49,-0.9,-0.98
-3.24,0.46,-2.08,-1.23,-0.05,0.26,-1.66,0.56,0.07,0.28,2.06,-0.3,0.05
9.59,-0.75,7.71,0.97,0.14,0.0,7.34,-0.13,-0.66,-0.03,-0.77,-0.51,-0.6
1.96,0.0,3.29,0.0,0.0,0.0,0.0,1.48,0.71,0.0,-0.96,0.0,0.0
-0.07,0.0,-0.63,0.0,0.0,0.0,0.0,0.0,0.0,0.0,0.0,0.0,0.0
-0.33,0.0,-1.49,0.0,0.0,0.0,0.0,0.06,0.0,0.0,0.0,-0.15,0.0
1.04,-0.12,1.62,0.0,-0.36,0.48,-2.26,-0.34,-0.37,1.14,-0.39,-0.46,0.18
-0.72,0.0,-2.04,0.0,0.15,-0.15,-4.08,-0.12,0.64,0.22,0.28,2.67,-0.76
-5.1,0.83,-6.4,0.09,-0.71,0.59,-3.75,-0.02,-0.88,-0.88,0.72,-1.03,0.09
-1.23,-0.23,-1.22,-1.23,-1.38,0.0,-3.83,0.03,0.31,-1.11,-0.3,1.25,0.35
2.15,-0.2,3.57,0.4,-0.42,-0.26,2.01,-0.13,-0.08,1.29,1.18,4.04,0.1
-0.76,0.0,-0.96,0.0,0.0,0.0,0.0,0.0,0.0,0.0,0.0,0.0,0.0
-1.66,0.0,-2.25,0.0,0.0,0.0,0.0,0.0,0.0,0.0,0.0,1.43,0.0
-0.46,0.82,0.19,1.67,0.53,0.26,-8.49,0.11,-0.29,-0.61,-0.49,0.4,-2.45
0.02,-0.04,1.34,0.19,2.35,-0.9,-6.24,0.01,0.0,-1.04,0.29,-3.64,-1.95
-1.26,-0.63,-0.02,0.12,-0.1,0.0,-0.56,0.02,-0.03,1.47,-0.76,-1.1,1.17
2.6,0.0,3.59,0.0,0.0,-0.78,0.0,-0.09,0.67,1.05,0.0,-2.95,0.28
1.28,0.56,1.2,-0.46,0.33,0.0,-4.71,0.36,0.39,1.46,0.0,1.54,-0.25
-3.88,0.0,-4.83,0.0,0.0,0.0,0.0,0.0,0.0,0.0,0.0,0.0,0.0
3.15,0.0,4.63,0.0,0.0,0.19,0.0,-0.02,0.0,0.0,0.0,-2.96,0.0
-0.2,-0.18,-1.54,0.1,-1.68,0.54,2.25,-0.08,0.0,-1.3,0.0,1.17,-0.09
0.25,-1.97,-0.31,0.62,-0.39,0.01,18.18,0.03,0.0,0.25,-0.68,-2.14,-0.87
-0.17,-1.39,-0.54,-0.12,0.84,-0.08,7.3,0.05,0.2,1.1,0.02,0.8,0.44
1.87,-0.11,3.54,0.05,0.16,0.07,0.29,-0.01,0.07,-0.02,0.9,0.42,0.32
-1.23,0.36,-4.33,0.75,1.87,0.0,-1.23,-0.12,-0.39,-0.07,-0.42,-1.74,0.25
0.91,0.0,-0.03,0.0,0.0,0.0,0.0,0.0,0.0,0.0,0.0,0.0,0.0
-0.3,0.0,0.09,0.0,0.0,0.0,0.0,-0.02,0.0,0.0,0.0,0.47,0.0
0.43,-0.47,-2.08,0.63,-3.81,0.46,-1.24,0.0,0.19,1.19,0.14,-0.58,-0.25
7.57,-0.29,6.98,-1.92,-1.36,-0.16,-2.87,0.06,0.07,1.89,0.76,0.87,1.45
1.99,0.46,2.67,0.0,0.7,-0.11,-1.49,-0.04,-0.12,-0.76,0.49,1.99,-0.24
-2.21,0.6,-3.41,0.42,2.71,0.08,-2.88,-0.14,0.35,-1.56,0.0,-1.86,-0.5
-0.22,-0.26,-0.78,0.15,-1.03,0.38,3.89,-0.1,1.46,-0.2,-0.1,2.42,-0.12
1.46,0.0,1.56,0.0,0.0,0.0,0.0,0.0,0.0,0.0,0.0,0.0,0.0
-0.37,0.0,0.17,0.0,0.0,0.0,0.0,0.0,1.33,0.0,0.0,-1.25,0.0
5.17,0.43,6.83,0.58,1.31,0.18,-5.34,-0.02,0.56,0.4,1.01,-0.34,1.23
5.71,-0.15,2.46,0.66,-0.12,-0.07,-1.04,0.02,-1.44,0.34,1.01,2.23,1.09
5.07,-0.14,1.89,1.04,-1.91,-0.3,-0.48,0.02,2.5,1.28,0.05,0.81,-0.05
2.89,-0.82,4.1,-0.27,0.75,-0.39,5.85,-0.05,1.23,0.7,-0.24,4.17,0.3
1.51,1.17,1.11,1.26,1.85,-0.42,-2.48,1.14,-1.14,-0.08,-0.21,-0.15,0.32
0.36,0.0,2.49,0.0,0.0,0.0,0.0,0.0,0.0,0.0,0.0,0.0,0.0
1.04,0.0,1.94,0.0,0.0,0.0,0.0,0.06,-1.25,0.0,0.0,0.8,0.0
-0.04,-0.73,-0.41,1.47,-0.28,0.63,0.28,-0.04,0.01,0.0,0.58,0.53,1.77
0.72,-0.06,1.45,-0.36,1.88,0.08,-1.41,-0.04,1.03,2.28,0.08,-0.36,-1.13
-0.13,-1.07,-0.47,2.36,-0.23,0.0,5.65,0.1,0.78,-1.16,1.01,0.82,0.79
1.07,0.22,3.49,0.68,-0.64,-0.26,-2.04,-0.07,0.59,0.75,0.22,-4.82,0.87
0.0,0.47,0.05,1.65,-0.1,0.18,-1.23,-0.52,0.4,-0.4,0.88,-4.21,-0.04
0.34,0.0,1.12,0.0,0.0,0.0,0.0,0.0,0.0,0.0,0.0,0.0,0.0
0.49,0.0,0.41,0.0,0.0,0.0,0.0,-0.02,-1.45,0.0,0.0,-0.02,0.0
